category_order,category,row_order,move_name,input_raw_display,input_token_json,startup,active,recovery,on_hit,on_block,cancel,damage,combo_scaling,drive_gain_on_hit,drive_loss_on_block,drive_loss_on_punish_counter,sa_gain,attribute,notes
1,通常技,1,立ち弱P（ファーストスティンガー）,icon_punch_l 弱,"[{""type"": ""text"", ""value"": ""立ち弱P（ファーストスティンガー）""}, {""type"": ""image"", ""value"": ""icon_punch_l"", ""src"": ""/6/assets/images/common/controller/icon_punch_l.png"", ""resolved_src"": ""https://www.streetfighter.com/6/assets/images/common/controller/icon_punch_l.png"", ""class_name"": """"}, {""type"": ""text"", ""value"": ""弱""}, {""type"": ""separator"", ""value"": ""|""}]",7,7-8,※11,2,-3,C,300,始動補正20%,250,-500,-2000,300,上,※空振り時硬直3F増加
1,通常技,2,立ち弱K（レッグハント）,icon_kick_l 弱,"[{""type"": ""text"", ""value"": ""立ち弱K（レッグハント）""}, {""type"": ""image"", ""value"": ""icon_kick_l"", ""src"": ""/6/assets/images/common/controller/icon_kick_l.png"", ""resolved_src"": ""https://www.streetfighter.com/6/assets/images/common/controller/icon_kick_l.png"", ""class_name"": """"}, {""type"": ""text"", ""value"": ""弱""}, {""type"": ""separator"", ""value"": ""|""}]",5,5-6,12,3,-2,C,300,始動補正20%,250,-500,-2000,300,上,
1,通常技,3,立ち中P（トリガーフィスト）,icon_punch_m 中,"[{""type"": ""text"", ""value"": ""立ち中P（トリガーフィスト）""}, {""type"": ""image"", ""value"": ""icon_punch_m"", ""src"": ""/6/assets/images/common/controller/icon_punch_m.png"", ""resolved_src"": ""https://www.streetfighter.com/6/assets/images/common/controller/icon_punch_m.png"", ""class_name"": """"}, {""type"": ""text"", ""value"": ""中""}, {""type"": ""separator"", ""value"": ""|""}]",9,9-12,16,2,-3,SA,600,,1500,-3000,-4000,500,上,
1,通常技,4,立ち中K（アンブッシュスピア）,icon_kick_m 中,"[{""type"": ""text"", ""value"": ""立ち中K（アンブッシュスピア）""}, {""type"": ""image"", ""value"": ""icon_kick_m"", ""src"": ""/6/assets/images/common/controller/icon_kick_m.png"", ""resolved_src"": ""https://www.streetfighter.com/6/assets/images/common/controller/icon_kick_m.png"", ""class_name"": """"}, {""type"": ""text"", ""value"": ""中""}, {""type"": ""separator"", ""value"": ""|""}]",8,8-10,※16,1,-3,,700,,2000,-4000,-6000,700,上,※空振り時硬直3F増加
1,通常技,5,立ち強P（クラッシャー）,icon_punch_h 強,"[{""type"": ""text"", ""value"": ""立ち強P（クラッシャー）""}, {""type"": ""image"", ""value"": ""icon_punch_h"", ""src"": ""/6/assets/images/common/controller/icon_punch_h.png"", ""resolved_src"": ""https://www.streetfighter.com/6/assets/images/common/controller/icon_punch_h.png"", ""class_name"": """"}, {""type"": ""text"", ""value"": ""強""}, {""type"": ""separator"", ""value"": ""|""}]",10,10-12,※23,1,-5,C,800,,2000,-5000,-8000,1000,上,※ガード時硬直1F減少
1,通常技,6,立ち強K（キャノンボール）,icon_kick_h 強,"[{""type"": ""text"", ""value"": ""立ち強K（キャノンボール）""}, {""type"": ""image"", ""value"": ""icon_kick_h"", ""src"": ""/6/assets/images/common/controller/icon_kick_h.png"", ""resolved_src"": ""https://www.streetfighter.com/6/assets/images/common/controller/icon_kick_h.png"", ""class_name"": """"}, {""type"": ""text"", ""value"": ""強""}, {""type"": ""separator"", ""value"": ""|""}]",10,10-16,16,2,-5,,900,,4000,-6000,-10000,1000,上,空中ヒット時吹き飛びダウン パニッシュカウンター時吹き飛びダウン 8-15F足元無敵
1,通常技,7,しゃがみ弱P（ファストジャブ）,key-d key-plus icon_punch_l 弱,"[{""type"": ""text"", ""value"": ""しゃがみ弱P（ファストジャブ）""}, {""type"": ""image"", ""value"": ""key-d"", ""src"": ""/6/assets/images/common/controller/key-d.png"", ""resolved_src"": ""https://www.streetfighter.com/6/assets/images/common/controller/key-d.png"", ""class_name"": """"}, {""type"": ""image"", ""value"": ""key-plus"", ""src"": ""/6/assets/images/common/controller/key-plus.png"", ""resolved_src"": ""https://www.streetfighter.com/6/assets/images/common/controller/key-plus.png"", ""class_name"": """"}, {""type"": ""image"", ""value"": ""icon_punch_l"", ""src"": ""/6/assets/images/common/controller/icon_punch_l.png"", ""resolved_src"": ""https://www.streetfighter.com/6/assets/images/common/controller/icon_punch_l.png"", ""class_name"": """"}, {""type"": ""text"", ""value"": ""弱""}, {""type"": ""separator"", ""value"": ""|""}]",4,4-5,10,4,-2,C,300,始動補正20%,250,-500,-2000,300,上,連打キャンセル対応
1,通常技,8,しゃがみ弱K（アンクルスナイプ）,key-d key-plus icon_kick_l 弱,"[{""type"": ""text"", ""value"": ""しゃがみ弱K（アンクルスナイプ）""}, {""type"": ""image"", ""value"": ""key-d"", ""src"": ""/6/assets/images/common/controller/key-d.png"", ""resolved_src"": ""https://www.streetfighter.com/6/assets/images/common/controller/key-d.png"", ""class_name"": """"}, {""type"": ""image"", ""value"": ""key-plus"", ""src"": ""/6/assets/images/common/controller/key-plus.png"", ""resolved_src"": ""https://www.streetfighter.com/6/assets/images/common/controller/key-plus.png"", ""class_name"": """"}, {""type"": ""image"", ""value"": ""icon_kick_l"", ""src"": ""/6/assets/images/common/controller/icon_kick_l.png"", ""resolved_src"": ""https://www.streetfighter.com/6/assets/images/common/controller/icon_kick_l.png"", ""class_name"": """"}, {""type"": ""text"", ""value"": ""弱""}, {""type"": ""separator"", ""value"": ""|""}]",5,5-7,11,0,-3,,200,始動補正20%,250,-500,-2000,300,下,連打キャンセル対応
1,通常技,9,しゃがみ中P（スラッグショット）,key-d key-plus icon_punch_m 中,"[{""type"": ""text"", ""value"": ""しゃがみ中P（スラッグショット）""}, {""type"": ""image"", ""value"": ""key-d"", ""src"": ""/6/assets/images/common/controller/key-d.png"", ""resolved_src"": ""https://www.streetfighter.com/6/assets/images/common/controller/key-d.png"", ""class_name"": """"}, {""type"": ""image"", ""value"": ""key-plus"", ""src"": ""/6/assets/images/common/controller/key-plus.png"", ""resolved_src"": ""https://www.streetfighter.com/6/assets/images/common/controller/key-plus.png"", ""class_name"": """"}, {""type"": ""image"", ""value"": ""icon_punch_m"", ""src"": ""/6/assets/images/common/controller/icon_punch_m.png"", ""resolved_src"": ""https://www.streetfighter.com/6/assets/images/common/controller/icon_punch_m.png"", ""class_name"": """"}, {""type"": ""text"", ""value"": ""中""}, {""type"": ""separator"", ""value"": ""|""}]",6,6-7,※14,5,1,C,600,始動補正15%,1500,-3000,-4000,500,上,※空振り時硬直3F増加
1,通常技,10,しゃがみ中K（カーフスカッシュ）,key-d key-plus icon_kick_m 中,"[{""type"": ""text"", ""value"": ""しゃがみ中K（カーフスカッシュ）""}, {""type"": ""image"", ""value"": ""key-d"", ""src"": ""/6/assets/images/common/controller/key-d.png"", ""resolved_src"": ""https://www.streetfighter.com/6/assets/images/common/controller/key-d.png"", ""class_name"": """"}, {""type"": ""image"", ""value"": ""key-plus"", ""src"": ""/6/assets/images/common/controller/key-plus.png"", ""resolved_src"": ""https://www.streetfighter.com/6/assets/images/common/controller/key-plus.png"", ""class_name"": """"}, {""type"": ""image"", ""value"": ""icon_kick_m"", ""src"": ""/6/assets/images/common/controller/icon_kick_m.png"", ""resolved_src"": ""https://www.streetfighter.com/6/assets/images/common/controller/icon_kick_m.png"", ""class_name"": """"}, {""type"": ""text"", ""value"": ""中""}, {""type"": ""separator"", ""value"": ""|""}]",8,8-10,19,-2,-6,C,500,始動補正20%,1000,-2000,-4000,600,下,
1,通常技,11,しゃがみ強P（アンチエアランチャー）,key-d key-plus icon_punch_h 強,"[{""type"": ""text"", ""value"": ""しゃがみ強P（アンチエアランチャー）""}, {""type"": ""image"", ""value"": ""key-d"", ""src"": ""/6/assets/images/common/controller/key-d.png"", ""resolved_src"": ""https://www.streetfighter.com/6/assets/images/common/controller/key-d.png"", ""class_name"": """"}, {""type"": ""image"", ""value"": ""key-plus"", ""src"": ""/6/assets/images/common/controller/key-plus.png"", ""resolved_src"": ""https://www.streetfighter.com/6/assets/images/common/controller/key-plus.png"", ""class_name"": """"}, {""type"": ""image"", ""value"": ""icon_punch_h"", ""src"": ""/6/assets/images/common/controller/icon_punch_h.png"", ""resolved_src"": ""https://www.streetfighter.com/6/assets/images/common/controller/icon_punch_h.png"", ""class_name"": """"}, {""type"": ""text"", ""value"": ""強""}, {""type"": ""separator"", ""value"": ""|""}]",7,7-11,24,1,-13,C,800,コンボ補正15%,2000,-5000,-8000,1000,上,強制立ち効果 キャンセルは持続の1F目まで
1,通常技,12,しゃがみ強K（トレンチブレイク）,key-d key-plus icon_kick_h 強,"[{""type"": ""text"", ""value"": ""しゃがみ強K（トレンチブレイク）""}, {""type"": ""image"", ""value"": ""key-d"", ""src"": ""/6/assets/images/common/controller/key-d.png"", ""resolved_src"": ""https://www.streetfighter.com/6/assets/images/common/controller/key-d.png"", ""class_name"": """"}, {""type"": ""image"", ""value"": ""key-plus"", ""src"": ""/6/assets/images/common/controller/key-plus.png"", ""resolved_src"": ""https://www.streetfighter.com/6/assets/images/common/controller/key-plus.png"", ""class_name"": """"}, {""type"": ""image"", ""value"": ""icon_kick_h"", ""src"": ""/6/assets/images/common/controller/icon_kick_h.png"", ""resolved_src"": ""https://www.streetfighter.com/6/assets/images/common/controller/icon_kick_h.png"", ""class_name"": """"}, {""type"": ""text"", ""value"": ""強""}, {""type"": ""separator"", ""value"": ""|""}]",10,10-12,24,D,-9,,900,,3000,-4000,-10000,1000,下,パニッシュカウンター時ダウン時間増加、ハードノックダウン
1,通常技,13,ジャンプ弱P（ワンバレット）,（ジャンプ中に） icon_punch_l 弱,"[{""type"": ""text"", ""value"": ""ジャンプ弱P（ワンバレット）""}, {""type"": ""text"", ""value"": ""（ジャンプ中に）""}, {""type"": ""image"", ""value"": ""icon_punch_l"", ""src"": ""/6/assets/images/common/controller/icon_punch_l.png"", ""resolved_src"": ""https://www.streetfighter.com/6/assets/images/common/controller/icon_punch_l.png"", ""class_name"": """"}, {""type"": ""text"", ""value"": ""弱""}, {""type"": ""separator"", ""value"": ""|""}]",5,5-13,着地後3,,,,300,,500,-1500,-2000,300,中,
1,通常技,14,ジャンプ弱K（デルタニー）,（ジャンプ中に） icon_kick_l 弱,"[{""type"": ""text"", ""value"": ""ジャンプ弱K（デルタニー）""}, {""type"": ""text"", ""value"": ""（ジャンプ中に）""}, {""type"": ""image"", ""value"": ""icon_kick_l"", ""src"": ""/6/assets/images/common/controller/icon_kick_l.png"", ""resolved_src"": ""https://www.streetfighter.com/6/assets/images/common/controller/icon_kick_l.png"", ""class_name"": """"}, {""type"": ""text"", ""value"": ""弱""}, {""type"": ""separator"", ""value"": ""|""}]",6,6-11,着地後3,,,,300,,500,-1500,-2000,300,中,めくり性能
1,通常技,15,ジャンプ中P（エア・インターセプター）,（ジャンプ中に） icon_punch_m 中,"[{""type"": ""text"", ""value"": ""ジャンプ中P（エア・インターセプター）""}, {""type"": ""text"", ""value"": ""（ジャンプ中に）""}, {""type"": ""image"", ""value"": ""icon_punch_m"", ""src"": ""/6/assets/images/common/controller/icon_punch_m.png"", ""resolved_src"": ""https://www.streetfighter.com/6/assets/images/common/controller/icon_punch_m.png"", ""class_name"": """"}, {""type"": ""text"", ""value"": ""中""}, {""type"": ""separator"", ""value"": ""|""}]",9,9-12,着地後3,,,C,700,,1000,-3000,-4000,500,中,空中ヒット時吹き飛びダウン
1,通常技,16,ジャンプ中K（バーチカルテイル）,（ジャンプ中に） icon_kick_m 中,"[{""type"": ""text"", ""value"": ""ジャンプ中K（バーチカルテイル）""}, {""type"": ""text"", ""value"": ""（ジャンプ中に）""}, {""type"": ""image"", ""value"": ""icon_kick_m"", ""src"": ""/6/assets/images/common/controller/icon_kick_m.png"", ""resolved_src"": ""https://www.streetfighter.com/6/assets/images/common/controller/icon_kick_m.png"", ""class_name"": """"}, {""type"": ""text"", ""value"": ""中""}, {""type"": ""separator"", ""value"": ""|""}]",7,7-12,着地後3,,,,500,,1000,-2500,-4000,500,中,めくり性能
1,通常技,17,ジャンプ強P（ガンメタルハンマー）,（ジャンプ中に） icon_punch_h 強,"[{""type"": ""text"", ""value"": ""ジャンプ強P（ガンメタルハンマー）""}, {""type"": ""text"", ""value"": ""（ジャンプ中に）""}, {""type"": ""image"", ""value"": ""icon_punch_h"", ""src"": ""/6/assets/images/common/controller/icon_punch_h.png"", ""resolved_src"": ""https://www.streetfighter.com/6/assets/images/common/controller/icon_punch_h.png"", ""class_name"": """"}, {""type"": ""text"", ""value"": ""強""}, {""type"": ""separator"", ""value"": ""|""}]",9,9-14,着地後3,,,,800,,2000,-4000,-5000,1000,中,空中カウンター/パニッシュカウンター時叩きつけダウン
1,通常技,18,ジャンプ強K（ヘブンリーストライク）,（ジャンプ中に） icon_kick_h 強,"[{""type"": ""text"", ""value"": ""ジャンプ強K（ヘブンリーストライク）""}, {""type"": ""text"", ""value"": ""（ジャンプ中に）""}, {""type"": ""image"", ""value"": ""icon_kick_h"", ""src"": ""/6/assets/images/common/controller/icon_kick_h.png"", ""resolved_src"": ""https://www.streetfighter.com/6/assets/images/common/controller/icon_kick_h.png"", ""class_name"": """"}, {""type"": ""text"", ""value"": ""強""}, {""type"": ""separator"", ""value"": ""|""}]",10,10-15,着地後3,,,,800,,2000,-4000,-5000,1000,中,
2,特殊技,19,ローハイド,key-r key-plus icon_punch_m 中,"[{""type"": ""text"", ""value"": ""ローハイド""}, {""type"": ""image"", ""value"": ""key-r"", ""src"": ""/6/assets/images/common/controller/key-r.png"", ""resolved_src"": ""https://www.streetfighter.com/6/assets/images/common/controller/key-r.png"", ""class_name"": """"}, {""type"": ""image"", ""value"": ""key-plus"", ""src"": ""/6/assets/images/common/controller/key-plus.png"", ""resolved_src"": ""https://www.streetfighter.com/6/assets/images/common/controller/key-plus.png"", ""class_name"": """"}, {""type"": ""image"", ""value"": ""icon_punch_m"", ""src"": ""/6/assets/images/common/controller/icon_punch_m.png"", ""resolved_src"": ""https://www.streetfighter.com/6/assets/images/common/controller/icon_punch_m.png"", ""class_name"": """"}, {""type"": ""text"", ""value"": ""中""}, {""type"": ""separator"", ""value"": ""|""}]",21,21-22,21,2,-3,,600,,1500,-2500,-5000,500,中,空中ヒット時叩きつけダウン
2,特殊技,20,サプレッサー,key-l key-plus icon_punch_h 強,"[{""type"": ""text"", ""value"": ""サプレッサー""}, {""type"": ""image"", ""value"": ""key-l"", ""src"": ""/6/assets/images/common/controller/key-l.png"", ""resolved_src"": ""https://www.streetfighter.com/6/assets/images/common/controller/key-l.png"", ""class_name"": """"}, {""type"": ""image"", ""value"": ""key-plus"", ""src"": ""/6/assets/images/common/controller/key-plus.png"", ""resolved_src"": ""https://www.streetfighter.com/6/assets/images/common/controller/key-plus.png"", ""class_name"": """"}, {""type"": ""image"", ""value"": ""icon_punch_h"", ""src"": ""/6/assets/images/common/controller/icon_punch_h.png"", ""resolved_src"": ""https://www.streetfighter.com/6/assets/images/common/controller/icon_punch_h.png"", ""class_name"": """"}, {""type"": ""text"", ""value"": ""強""}, {""type"": ""separator"", ""value"": ""|""}]",16,16-18,20,3,-3,C,800,,3000,-6000,-10000,1000,上,
2,特殊技,21,アウトローキック,key-l key-plus icon_kick_h 強,"[{""type"": ""text"", ""value"": ""アウトローキック""}, {""type"": ""image"", ""value"": ""key-l"", ""src"": ""/6/assets/images/common/controller/key-l.png"", ""resolved_src"": ""https://www.streetfighter.com/6/assets/images/common/controller/key-l.png"", ""class_name"": """"}, {""type"": ""image"", ""value"": ""key-plus"", ""src"": ""/6/assets/images/common/controller/key-plus.png"", ""resolved_src"": ""https://www.streetfighter.com/6/assets/images/common/controller/key-plus.png"", ""class_name"": """"}, {""type"": ""image"", ""value"": ""icon_kick_h"", ""src"": ""/6/assets/images/common/controller/icon_kick_h.png"", ""resolved_src"": ""https://www.streetfighter.com/6/assets/images/common/controller/icon_kick_h.png"", ""class_name"": """"}, {""type"": ""text"", ""value"": ""強""}, {""type"": ""separator"", ""value"": ""|""}]",12,12-15,24,4,-3,,1000,,3000,-6000,-10000,1000,上,パニッシュカウンター時+17F 空中ヒット時吹き飛びダウン
2,特殊技,22,ダブルインパクト（1段目）,key-r key-plus icon_punch_h 強,"[{""type"": ""text"", ""value"": ""ダブルインパクト（1段目）""}, {""type"": ""image"", ""value"": ""key-r"", ""src"": ""/6/assets/images/common/controller/key-r.png"", ""resolved_src"": ""https://www.streetfighter.com/6/assets/images/common/controller/key-r.png"", ""class_name"": """"}, {""type"": ""image"", ""value"": ""key-plus"", ""src"": ""/6/assets/images/common/controller/key-plus.png"", ""resolved_src"": ""https://www.streetfighter.com/6/assets/images/common/controller/key-plus.png"", ""class_name"": """"}, {""type"": ""image"", ""value"": ""icon_punch_h"", ""src"": ""/6/assets/images/common/controller/icon_punch_h.png"", ""resolved_src"": ""https://www.streetfighter.com/6/assets/images/common/controller/icon_punch_h.png"", ""class_name"": """"}, {""type"": ""text"", ""value"": ""強""}, {""type"": ""separator"", ""value"": ""|""}]",16,16-18,※15,3,-3,,800,,2000,-4000,-7000,500,上,※空振り時硬直4F増加
2,特殊技,23,ダブルインパクト（2段目）,key-r key-plus icon_punch_h 強 arrow_3 icon_punch_h 強,"[{""type"": ""text"", ""value"": ""ダブルインパクト（2段目）""}, {""type"": ""image"", ""value"": ""key-r"", ""src"": ""/6/assets/images/common/controller/key-r.png"", ""resolved_src"": ""https://www.streetfighter.com/6/assets/images/common/controller/key-r.png"", ""class_name"": """"}, {""type"": ""image"", ""value"": ""key-plus"", ""src"": ""/6/assets/images/common/controller/key-plus.png"", ""resolved_src"": ""https://www.streetfighter.com/6/assets/images/common/controller/key-plus.png"", ""class_name"": """"}, {""type"": ""image"", ""value"": ""icon_punch_h"", ""src"": ""/6/assets/images/common/controller/icon_punch_h.png"", ""resolved_src"": ""https://www.streetfighter.com/6/assets/images/common/controller/icon_punch_h.png"", ""class_name"": """"}, {""type"": ""text"", ""value"": ""強""}, {""type"": ""image"", ""value"": ""arrow_3"", ""src"": ""/6/assets/images/common/controller/arrow_3.png"", ""resolved_src"": ""https://www.streetfighter.com/6/assets/images/common/controller/arrow_3.png"", ""class_name"": """"}, {""type"": ""image"", ""value"": ""icon_punch_h"", ""src"": ""/6/assets/images/common/controller/icon_punch_h.png"", ""resolved_src"": ""https://www.streetfighter.com/6/assets/images/common/controller/icon_punch_h.png"", ""class_name"": """"}, {""type"": ""text"", ""value"": ""強""}, {""type"": ""separator"", ""value"": ""|""}]",11,11-12,34,D,-19,C,600,コンボ補正20%,1000,-2000,-7000,500,上,ダブルインパクト（1段目）がパニッシュカウンター時に派生し、地上ヒットした場合は地上やられ(コンボ補正が20%⇒10%に変化)
2,特殊技,24,トリプルインパクト（2段目）,icon_punch_l 弱 arrow_3 icon_punch_m 中,"[{""type"": ""text"", ""value"": ""トリプルインパクト（2段目）""}, {""type"": ""image"", ""value"": ""icon_punch_l"", ""src"": ""/6/assets/images/common/controller/icon_punch_l.png"", ""resolved_src"": ""https://www.streetfighter.com/6/assets/images/common/controller/icon_punch_l.png"", ""class_name"": """"}, {""type"": ""text"", ""value"": ""弱""}, {""type"": ""image"", ""value"": ""arrow_3"", ""src"": ""/6/assets/images/common/controller/arrow_3.png"", ""resolved_src"": ""https://www.streetfighter.com/6/assets/images/common/controller/arrow_3.png"", ""class_name"": """"}, {""type"": ""image"", ""value"": ""icon_punch_m"", ""src"": ""/6/assets/images/common/controller/icon_punch_m.png"", ""resolved_src"": ""https://www.streetfighter.com/6/assets/images/common/controller/icon_punch_m.png"", ""class_name"": """"}, {""type"": ""text"", ""value"": ""中""}, {""type"": ""separator"", ""value"": ""|""}]",8,8-11,20,-2,-9,,400,,500,-1000,-4000,400,上,
2,特殊技,25,トリプルインパクト（3段目）,icon_punch_l 弱 arrow_3 icon_punch_m 中 arrow_3 icon_punch_h 強,"[{""type"": ""text"", ""value"": ""トリプルインパクト（3段目）""}, {""type"": ""image"", ""value"": ""icon_punch_l"", ""src"": ""/6/assets/images/common/controller/icon_punch_l.png"", ""resolved_src"": ""https://www.streetfighter.com/6/assets/images/common/controller/icon_punch_l.png"", ""class_name"": """"}, {""type"": ""text"", ""value"": ""弱""}, {""type"": ""image"", ""value"": ""arrow_3"", ""src"": ""/6/assets/images/common/controller/arrow_3.png"", ""resolved_src"": ""https://www.streetfighter.com/6/assets/images/common/controller/arrow_3.png"", ""class_name"": """"}, {""type"": ""image"", ""value"": ""icon_punch_m"", ""src"": ""/6/assets/images/common/controller/icon_punch_m.png"", ""resolved_src"": ""https://www.streetfighter.com/6/assets/images/common/controller/icon_punch_m.png"", ""class_name"": """"}, {""type"": ""text"", ""value"": ""中""}, {""type"": ""image"", ""value"": ""arrow_3"", ""src"": ""/6/assets/images/common/controller/arrow_3.png"", ""resolved_src"": ""https://www.streetfighter.com/6/assets/images/common/controller/arrow_3.png"", ""class_name"": """"}, {""type"": ""image"", ""value"": ""icon_punch_h"", ""src"": ""/6/assets/images/common/controller/icon_punch_h.png"", ""resolved_src"": ""https://www.streetfighter.com/6/assets/images/common/controller/icon_punch_h.png"", ""class_name"": """"}, {""type"": ""text"", ""value"": ""強""}, {""type"": ""separator"", ""value"": ""|""}]",10,10-12,27,D,-14,C,800,,500,-1500,-4000,400,上,
2,特殊技,26,スナップバックコンボ（2段目）,icon_punch_m 中 arrow_3 icon_punch_m 中,"[{""type"": ""text"", ""value"": ""スナップバックコンボ（2段目）""}, {""type"": ""image"", ""value"": ""icon_punch_m"", ""src"": ""/6/assets/images/common/controller/icon_punch_m.png"", ""resolved_src"": ""https://www.streetfighter.com/6/assets/images/common/controller/icon_punch_m.png"", ""class_name"": """"}, {""type"": ""text"", ""value"": ""中""}, {""type"": ""image"", ""value"": ""arrow_3"", ""src"": ""/6/assets/images/common/controller/arrow_3.png"", ""resolved_src"": ""https://www.streetfighter.com/6/assets/images/common/controller/arrow_3.png"", ""class_name"": """"}, {""type"": ""image"", ""value"": ""icon_punch_m"", ""src"": ""/6/assets/images/common/controller/icon_punch_m.png"", ""resolved_src"": ""https://www.streetfighter.com/6/assets/images/common/controller/icon_punch_m.png"", ""class_name"": """"}, {""type"": ""text"", ""value"": ""中""}, {""type"": ""separator"", ""value"": ""|""}]",12,12-13,23,0,-8,SA,300,,400,-1000,-4000,300,上,
2,特殊技,27,ノーズブレイカー,key-d key-plus icon_kick_m 中 arrow_3 key-d key-plus icon_punch_h 強,"[{""type"": ""text"", ""value"": ""ノーズブレイカー""}, {""type"": ""image"", ""value"": ""key-d"", ""src"": ""/6/assets/images/common/controller/key-d.png"", ""resolved_src"": ""https://www.streetfighter.com/6/assets/images/common/controller/key-d.png"", ""class_name"": """"}, {""type"": ""image"", ""value"": ""key-plus"", ""src"": ""/6/assets/images/common/controller/key-plus.png"", ""resolved_src"": ""https://www.streetfighter.com/6/assets/images/common/controller/key-plus.png"", ""class_name"": """"}, {""type"": ""image"", ""value"": ""icon_kick_m"", ""src"": ""/6/assets/images/common/controller/icon_kick_m.png"", ""resolved_src"": ""https://www.streetfighter.com/6/assets/images/common/controller/icon_kick_m.png"", ""class_name"": """"}, {""type"": ""text"", ""value"": ""中""}, {""type"": ""image"", ""value"": ""arrow_3"", ""src"": ""/6/assets/images/common/controller/arrow_3.png"", ""resolved_src"": ""https://www.streetfighter.com/6/assets/images/common/controller/arrow_3.png"", ""class_name"": """"}, {""type"": ""image"", ""value"": ""key-d"", ""src"": ""/6/assets/images/common/controller/key-d.png"", ""resolved_src"": ""https://www.streetfighter.com/6/assets/images/common/controller/key-d.png"", ""class_name"": """"}, {""type"": ""image"", ""value"": ""key-plus"", ""src"": ""/6/assets/images/common/controller/key-plus.png"", ""resolved_src"": ""https://www.streetfighter.com/6/assets/images/common/controller/key-plus.png"", ""class_name"": """"}, {""type"": ""image"", ""value"": ""icon_punch_h"", ""src"": ""/6/assets/images/common/controller/icon_punch_h.png"", ""resolved_src"": ""https://www.streetfighter.com/6/assets/images/common/controller/icon_punch_h.png"", ""class_name"": """"}, {""type"": ""text"", ""value"": ""強""}, {""type"": ""separator"", ""value"": ""|""}]",9,9-11,25,2,-8,,600,,1000,-3000,-4000,600,上,
2,特殊技,28,スナップバックコンボ（3段目）,icon_punch_m 中 arrow_3 icon_punch_m 中 arrow_3 icon_punch_m 中,"[{""type"": ""text"", ""value"": ""スナップバックコンボ（3段目）""}, {""type"": ""image"", ""value"": ""icon_punch_m"", ""src"": ""/6/assets/images/common/controller/icon_punch_m.png"", ""resolved_src"": ""https://www.streetfighter.com/6/assets/images/common/controller/icon_punch_m.png"", ""class_name"": """"}, {""type"": ""text"", ""value"": ""中""}, {""type"": ""image"", ""value"": ""arrow_3"", ""src"": ""/6/assets/images/common/controller/arrow_3.png"", ""resolved_src"": ""https://www.streetfighter.com/6/assets/images/common/controller/arrow_3.png"", ""class_name"": """"}, {""type"": ""image"", ""value"": ""icon_punch_m"", ""src"": ""/6/assets/images/common/controller/icon_punch_m.png"", ""resolved_src"": ""https://www.streetfighter.com/6/assets/images/common/controller/icon_punch_m.png"", ""class_name"": """"}, {""type"": ""text"", ""value"": ""中""}, {""type"": ""image"", ""value"": ""arrow_3"", ""src"": ""/6/assets/images/common/controller/arrow_3.png"", ""resolved_src"": ""https://www.streetfighter.com/6/assets/images/common/controller/arrow_3.png"", ""class_name"": """"}, {""type"": ""image"", ""value"": ""icon_punch_m"", ""src"": ""/6/assets/images/common/controller/icon_punch_m.png"", ""resolved_src"": ""https://www.streetfighter.com/6/assets/images/common/controller/icon_punch_m.png"", ""class_name"": """"}, {""type"": ""text"", ""value"": ""中""}, {""type"": ""separator"", ""value"": ""|""}]",11,11-12,29,-6,-14,,300,,1000,-1000,-4000,300,上,
2,特殊技,29,スナップバックコンボ（4段目）,icon_punch_m 中 arrow_3 icon_punch_m 中 arrow_3 icon_punch_m 中 arrow_3 icon_punch_m 中,"[{""type"": ""text"", ""value"": ""スナップバックコンボ（4段目）""}, {""type"": ""image"", ""value"": ""icon_punch_m"", ""src"": ""/6/assets/images/common/controller/icon_punch_m.png"", ""resolved_src"": ""https://www.streetfighter.com/6/assets/images/common/controller/icon_punch_m.png"", ""class_name"": """"}, {""type"": ""text"", ""value"": ""中""}, {""type"": ""image"", ""value"": ""arrow_3"", ""src"": ""/6/assets/images/common/controller/arrow_3.png"", ""resolved_src"": ""https://www.streetfighter.com/6/assets/images/common/controller/arrow_3.png"", ""class_name"": """"}, {""type"": ""image"", ""value"": ""icon_punch_m"", ""src"": ""/6/assets/images/common/controller/icon_punch_m.png"", ""resolved_src"": ""https://www.streetfighter.com/6/assets/images/common/controller/icon_punch_m.png"", ""class_name"": """"}, {""type"": ""text"", ""value"": ""中""}, {""type"": ""image"", ""value"": ""arrow_3"", ""src"": ""/6/assets/images/common/controller/arrow_3.png"", ""resolved_src"": ""https://www.streetfighter.com/6/assets/images/common/controller/arrow_3.png"", ""class_name"": """"}, {""type"": ""image"", ""value"": ""icon_punch_m"", ""src"": ""/6/assets/images/common/controller/icon_punch_m.png"", ""resolved_src"": ""https://www.streetfighter.com/6/assets/images/common/controller/icon_punch_m.png"", ""class_name"": """"}, {""type"": ""text"", ""value"": ""中""}, {""type"": ""image"", ""value"": ""arrow_3"", ""src"": ""/6/assets/images/common/controller/arrow_3.png"", ""resolved_src"": ""https://www.streetfighter.com/6/assets/images/common/controller/arrow_3.png"", ""class_name"": """"}, {""type"": ""image"", ""value"": ""icon_punch_m"", ""src"": ""/6/assets/images/common/controller/icon_punch_m.png"", ""resolved_src"": ""https://www.streetfighter.com/6/assets/images/common/controller/icon_punch_m.png"", ""class_name"": """"}, {""type"": ""text"", ""value"": ""中""}, {""type"": ""separator"", ""value"": ""|""}]",11,11-12,27,D,-12,,500,,2000,-1500,-4000,500,上,
3,必殺技,30,弱 サンドブラスト,key-d key-dr key-r key-plus icon_punch_l 弱,"[{""type"": ""text"", ""value"": ""弱 サンドブラスト""}, {""type"": ""image"", ""value"": ""key-d"", ""src"": ""/6/assets/images/common/controller/key-d.png"", ""resolved_src"": ""https://www.streetfighter.com/6/assets/images/common/controller/key-d.png"", ""class_name"": """"}, {""type"": ""image"", ""value"": ""key-dr"", ""src"": ""/6/assets/images/common/controller/key-dr.png"", ""resolved_src"": ""https://www.streetfighter.com/6/assets/images/common/controller/key-dr.png"", ""class_name"": """"}, {""type"": ""image"", ""value"": ""key-r"", ""src"": ""/6/assets/images/common/controller/key-r.png"", ""resolved_src"": ""https://www.streetfighter.com/6/assets/images/common/controller/key-r.png"", ""class_name"": """"}, {""type"": ""image"", ""value"": ""key-plus"", ""src"": ""/6/assets/images/common/controller/key-plus.png"", ""resolved_src"": ""https://www.streetfighter.com/6/assets/images/common/controller/key-plus.png"", ""class_name"": """"}, {""type"": ""image"", ""value"": ""icon_punch_l"", ""src"": ""/6/assets/images/common/controller/icon_punch_l.png"", ""resolved_src"": ""https://www.streetfighter.com/6/assets/images/common/controller/icon_punch_l.png"", ""class_name"": """"}, {""type"": ""text"", ""value"": ""弱""}, {""type"": ""separator"", ""value"": ""|""}]",14,14-18,全体 47,-3,-8,SA3,600,,1000,-3000,-2000,600,上・弾,
3,必殺技,31,中 サンドブラスト,key-d key-dr key-r key-plus icon_punch_m 中,"[{""type"": ""text"", ""value"": ""中 サンドブラスト""}, {""type"": ""image"", ""value"": ""key-d"", ""src"": ""/6/assets/images/common/controller/key-d.png"", ""resolved_src"": ""https://www.streetfighter.com/6/assets/images/common/controller/key-d.png"", ""class_name"": """"}, {""type"": ""image"", ""value"": ""key-dr"", ""src"": ""/6/assets/images/common/controller/key-dr.png"", ""resolved_src"": ""https://www.streetfighter.com/6/assets/images/common/controller/key-dr.png"", ""class_name"": """"}, {""type"": ""image"", ""value"": ""key-r"", ""src"": ""/6/assets/images/common/controller/key-r.png"", ""resolved_src"": ""https://www.streetfighter.com/6/assets/images/common/controller/key-r.png"", ""class_name"": """"}, {""type"": ""image"", ""value"": ""key-plus"", ""src"": ""/6/assets/images/common/controller/key-plus.png"", ""resolved_src"": ""https://www.streetfighter.com/6/assets/images/common/controller/key-plus.png"", ""class_name"": """"}, {""type"": ""image"", ""value"": ""icon_punch_m"", ""src"": ""/6/assets/images/common/controller/icon_punch_m.png"", ""resolved_src"": ""https://www.streetfighter.com/6/assets/images/common/controller/icon_punch_m.png"", ""class_name"": """"}, {""type"": ""text"", ""value"": ""中""}, {""type"": ""separator"", ""value"": ""|""}]",17,17-23,全体 47,0,-5,SA3,600,,1000,-3000,-2000,600,上・弾,
3,必殺技,32,強 サンドブラスト,key-d key-dr key-r key-plus icon_punch_h 強,"[{""type"": ""text"", ""value"": ""強 サンドブラスト""}, {""type"": ""image"", ""value"": ""key-d"", ""src"": ""/6/assets/images/common/controller/key-d.png"", ""resolved_src"": ""https://www.streetfighter.com/6/assets/images/common/controller/key-d.png"", ""class_name"": """"}, {""type"": ""image"", ""value"": ""key-dr"", ""src"": ""/6/assets/images/common/controller/key-dr.png"", ""resolved_src"": ""https://www.streetfighter.com/6/assets/images/common/controller/key-dr.png"", ""class_name"": """"}, {""type"": ""image"", ""value"": ""key-r"", ""src"": ""/6/assets/images/common/controller/key-r.png"", ""resolved_src"": ""https://www.streetfighter.com/6/assets/images/common/controller/key-r.png"", ""class_name"": """"}, {""type"": ""image"", ""value"": ""key-plus"", ""src"": ""/6/assets/images/common/controller/key-plus.png"", ""resolved_src"": ""https://www.streetfighter.com/6/assets/images/common/controller/key-plus.png"", ""class_name"": """"}, {""type"": ""image"", ""value"": ""icon_punch_h"", ""src"": ""/6/assets/images/common/controller/icon_punch_h.png"", ""resolved_src"": ""https://www.streetfighter.com/6/assets/images/common/controller/icon_punch_h.png"", ""class_name"": """"}, {""type"": ""text"", ""value"": ""強""}, {""type"": ""separator"", ""value"": ""|""}]",20,20-29,全体 47,3,-2,SA3,600,,1000,-3000,-2000,600,上・弾,
3,必殺技,33,OD サンドブラスト,key-d key-dr key-r key-plus icon_punch icon_punch,"[{""type"": ""text"", ""value"": ""OD サンドブラスト""}, {""type"": ""image"", ""value"": ""key-d"", ""src"": ""/6/assets/images/common/controller/key-d.png"", ""resolved_src"": ""https://www.streetfighter.com/6/assets/images/common/controller/key-d.png"", ""class_name"": """"}, {""type"": ""image"", ""value"": ""key-dr"", ""src"": ""/6/assets/images/common/controller/key-dr.png"", ""resolved_src"": ""https://www.streetfighter.com/6/assets/images/common/controller/key-dr.png"", ""class_name"": """"}, {""type"": ""image"", ""value"": ""key-r"", ""src"": ""/6/assets/images/common/controller/key-r.png"", ""resolved_src"": ""https://www.streetfighter.com/6/assets/images/common/controller/key-r.png"", ""class_name"": """"}, {""type"": ""image"", ""value"": ""key-plus"", ""src"": ""/6/assets/images/common/controller/key-plus.png"", ""resolved_src"": ""https://www.streetfighter.com/6/assets/images/common/controller/key-plus.png"", ""class_name"": """"}, {""type"": ""image"", ""value"": ""icon_punch"", ""src"": ""/6/assets/images/common/controller/icon_punch.png"", ""resolved_src"": ""https://www.streetfighter.com/6/assets/images/common/controller/icon_punch.png"", ""class_name"": """"}, {""type"": ""image"", ""value"": ""icon_punch"", ""src"": ""/6/assets/images/common/controller/icon_punch.png"", ""resolved_src"": ""https://www.streetfighter.com/6/assets/images/common/controller/icon_punch.png"", ""class_name"": """"}, {""type"": ""separator"", ""value"": ""|""}]",16,,全体 40,D,-2,SA2,800,始動補正20％ コンボ補正20％,0,-3000,-5000,600,上・弾,
3,必殺技,34,フェイタルショット,（ODサンドブラスト後に） icon_punch icon_punch,"[{""type"": ""text"", ""value"": ""フェイタルショット""}, {""type"": ""text"", ""value"": ""（ODサンドブラスト後に）""}, {""type"": ""image"", ""value"": ""icon_punch"", ""src"": ""/6/assets/images/common/controller/icon_punch.png"", ""resolved_src"": ""https://www.streetfighter.com/6/assets/images/common/controller/icon_punch.png"", ""class_name"": """"}, {""type"": ""image"", ""value"": ""icon_punch"", ""src"": ""/6/assets/images/common/controller/icon_punch.png"", ""resolved_src"": ""https://www.streetfighter.com/6/assets/images/common/controller/icon_punch.png"", ""class_name"": """"}, {""type"": ""separator"", ""value"": ""|""}]",8,,全体 50,D,-21,SA2,1000,,0,-1000,-7000,1000,上・弾,発動時にドライブゲージを10000消費
3,必殺技,35,弱 フラッシュナックル,key-d key-dl key-l key-plus icon_punch_l 弱,"[{""type"": ""text"", ""value"": ""弱 フラッシュナックル""}, {""type"": ""image"", ""value"": ""key-d"", ""src"": ""/6/assets/images/common/controller/key-d.png"", ""resolved_src"": ""https://www.streetfighter.com/6/assets/images/common/controller/key-d.png"", ""class_name"": """"}, {""type"": ""image"", ""value"": ""key-dl"", ""src"": ""/6/assets/images/common/controller/key-dl.png"", ""resolved_src"": ""https://www.streetfighter.com/6/assets/images/common/controller/key-dl.png"", ""class_name"": """"}, {""type"": ""image"", ""value"": ""key-l"", ""src"": ""/6/assets/images/common/controller/key-l.png"", ""resolved_src"": ""https://www.streetfighter.com/6/assets/images/common/controller/key-l.png"", ""class_name"": """"}, {""type"": ""image"", ""value"": ""key-plus"", ""src"": ""/6/assets/images/common/controller/key-plus.png"", ""resolved_src"": ""https://www.streetfighter.com/6/assets/images/common/controller/key-plus.png"", ""class_name"": """"}, {""type"": ""image"", ""value"": ""icon_punch_l"", ""src"": ""/6/assets/images/common/controller/icon_punch_l.png"", ""resolved_src"": ""https://www.streetfighter.com/6/assets/images/common/controller/icon_punch_l.png"", ""class_name"": """"}, {""type"": ""text"", ""value"": ""弱""}, {""type"": ""separator"", ""value"": ""|""}]",13,13-15,27,D,-12,SA3,700,,2000,-3000,-5000,500,上,18F以上ボタンホールドすると性能変化 18-20Fの間に離すとジャスト版が発生 ヒット時のみ、40F目に必殺技、SAキャンセル可能
3,必殺技,36,弱 フラッシュナックル（ホールド）,key-d key-dl key-l key-plus icon_punch_l 弱ホールド,"[{""type"": ""text"", ""value"": ""弱 フラッシュナックル（ホールド）""}, {""type"": ""image"", ""value"": ""key-d"", ""src"": ""/6/assets/images/common/controller/key-d.png"", ""resolved_src"": ""https://www.streetfighter.com/6/assets/images/common/controller/key-d.png"", ""class_name"": """"}, {""type"": ""image"", ""value"": ""key-dl"", ""src"": ""/6/assets/images/common/controller/key-dl.png"", ""resolved_src"": ""https://www.streetfighter.com/6/assets/images/common/controller/key-dl.png"", ""class_name"": """"}, {""type"": ""image"", ""value"": ""key-l"", ""src"": ""/6/assets/images/common/controller/key-l.png"", ""resolved_src"": ""https://www.streetfighter.com/6/assets/images/common/controller/key-l.png"", ""class_name"": """"}, {""type"": ""image"", ""value"": ""key-plus"", ""src"": ""/6/assets/images/common/controller/key-plus.png"", ""resolved_src"": ""https://www.streetfighter.com/6/assets/images/common/controller/key-plus.png"", ""class_name"": """"}, {""type"": ""image"", ""value"": ""icon_punch_l"", ""src"": ""/6/assets/images/common/controller/icon_punch_l.png"", ""resolved_src"": ""https://www.streetfighter.com/6/assets/images/common/controller/icon_punch_l.png"", ""class_name"": """"}, {""type"": ""text"", ""value"": ""弱ホールド""}, {""type"": ""separator"", ""value"": ""|""}]",26,26-29,25,D,-8,SA3,800,,2250,-4000,-6000,600,上,飛び道具相殺判定あり（1回） 2段目にコンボ補正がかかる
3,必殺技,37,弱 フラッシュナックル（ジャスト）,key-d key-dl key-l key-plus icon_punch_l 弱ホールド,"[{""type"": ""text"", ""value"": ""弱 フラッシュナックル（ジャスト）""}, {""type"": ""image"", ""value"": ""key-d"", ""src"": ""/6/assets/images/common/controller/key-d.png"", ""resolved_src"": ""https://www.streetfighter.com/6/assets/images/common/controller/key-d.png"", ""class_name"": """"}, {""type"": ""image"", ""value"": ""key-dl"", ""src"": ""/6/assets/images/common/controller/key-dl.png"", ""resolved_src"": ""https://www.streetfighter.com/6/assets/images/common/controller/key-dl.png"", ""class_name"": """"}, {""type"": ""image"", ""value"": ""key-l"", ""src"": ""/6/assets/images/common/controller/key-l.png"", ""resolved_src"": ""https://www.streetfighter.com/6/assets/images/common/controller/key-l.png"", ""class_name"": """"}, {""type"": ""image"", ""value"": ""key-plus"", ""src"": ""/6/assets/images/common/controller/key-plus.png"", ""resolved_src"": ""https://www.streetfighter.com/6/assets/images/common/controller/key-plus.png"", ""class_name"": """"}, {""type"": ""image"", ""value"": ""icon_punch_l"", ""src"": ""/6/assets/images/common/controller/icon_punch_l.png"", ""resolved_src"": ""https://www.streetfighter.com/6/assets/images/common/controller/icon_punch_l.png"", ""class_name"": """"}, {""type"": ""text"", ""value"": ""弱ホールド""}, {""type"": ""separator"", ""value"": ""|""}]",26,26-29,25,D,-8,SA3,900,,2250,-4000,-6000,700,上,飛び道具相殺判定あり（1回） 2段目にコンボ補正がかかる
3,必殺技,38,中 フラッシュナックル,key-d key-dl key-l key-plus icon_punch_m 中,"[{""type"": ""text"", ""value"": ""中 フラッシュナックル""}, {""type"": ""image"", ""value"": ""key-d"", ""src"": ""/6/assets/images/common/controller/key-d.png"", ""resolved_src"": ""https://www.streetfighter.com/6/assets/images/common/controller/key-d.png"", ""class_name"": """"}, {""type"": ""image"", ""value"": ""key-dl"", ""src"": ""/6/assets/images/common/controller/key-dl.png"", ""resolved_src"": ""https://www.streetfighter.com/6/assets/images/common/controller/key-dl.png"", ""class_name"": """"}, {""type"": ""image"", ""value"": ""key-l"", ""src"": ""/6/assets/images/common/controller/key-l.png"", ""resolved_src"": ""https://www.streetfighter.com/6/assets/images/common/controller/key-l.png"", ""class_name"": """"}, {""type"": ""image"", ""value"": ""key-plus"", ""src"": ""/6/assets/images/common/controller/key-plus.png"", ""resolved_src"": ""https://www.streetfighter.com/6/assets/images/common/controller/key-plus.png"", ""class_name"": """"}, {""type"": ""image"", ""value"": ""icon_punch_m"", ""src"": ""/6/assets/images/common/controller/icon_punch_m.png"", ""resolved_src"": ""https://www.streetfighter.com/6/assets/images/common/controller/icon_punch_m.png"", ""class_name"": """"}, {""type"": ""text"", ""value"": ""中""}, {""type"": ""separator"", ""value"": ""|""}]",19,19-21,27,3,-8,SA3,900,,2000,-5000,-7000,700,上,18F以上ボタンホールドすると性能変化 18-20Fの間に離すとジャスト版が発生
3,必殺技,39,中 フラッシュナックル（ホールド）,key-d key-dl key-l key-plus icon_punch_m 中ホールド,"[{""type"": ""text"", ""value"": ""中 フラッシュナックル（ホールド）""}, {""type"": ""image"", ""value"": ""key-d"", ""src"": ""/6/assets/images/common/controller/key-d.png"", ""resolved_src"": ""https://www.streetfighter.com/6/assets/images/common/controller/key-d.png"", ""class_name"": """"}, {""type"": ""image"", ""value"": ""key-dl"", ""src"": ""/6/assets/images/common/controller/key-dl.png"", ""resolved_src"": ""https://www.streetfighter.com/6/assets/images/common/controller/key-dl.png"", ""class_name"": """"}, {""type"": ""image"", ""value"": ""key-l"", ""src"": ""/6/assets/images/common/controller/key-l.png"", ""resolved_src"": ""https://www.streetfighter.com/6/assets/images/common/controller/key-l.png"", ""class_name"": """"}, {""type"": ""image"", ""value"": ""key-plus"", ""src"": ""/6/assets/images/common/controller/key-plus.png"", ""resolved_src"": ""https://www.streetfighter.com/6/assets/images/common/controller/key-plus.png"", ""class_name"": """"}, {""type"": ""image"", ""value"": ""icon_punch_m"", ""src"": ""/6/assets/images/common/controller/icon_punch_m.png"", ""resolved_src"": ""https://www.streetfighter.com/6/assets/images/common/controller/icon_punch_m.png"", ""class_name"": """"}, {""type"": ""text"", ""value"": ""中ホールド""}, {""type"": ""separator"", ""value"": ""|""}]",29,29-32,26,D,-3,SA3,1000,,2000,-6000,-8000,800,上,飛び道具相殺判定あり（1回） 2段目にコンボ補正がかかる
3,必殺技,40,中 フラッシュナックル（ジャスト）,key-d key-dl key-l key-plus icon_punch_m 中ホールド,"[{""type"": ""text"", ""value"": ""中 フラッシュナックル（ジャスト）""}, {""type"": ""image"", ""value"": ""key-d"", ""src"": ""/6/assets/images/common/controller/key-d.png"", ""resolved_src"": ""https://www.streetfighter.com/6/assets/images/common/controller/key-d.png"", ""class_name"": """"}, {""type"": ""image"", ""value"": ""key-dl"", ""src"": ""/6/assets/images/common/controller/key-dl.png"", ""resolved_src"": ""https://www.streetfighter.com/6/assets/images/common/controller/key-dl.png"", ""class_name"": """"}, {""type"": ""image"", ""value"": ""key-l"", ""src"": ""/6/assets/images/common/controller/key-l.png"", ""resolved_src"": ""https://www.streetfighter.com/6/assets/images/common/controller/key-l.png"", ""class_name"": """"}, {""type"": ""image"", ""value"": ""key-plus"", ""src"": ""/6/assets/images/common/controller/key-plus.png"", ""resolved_src"": ""https://www.streetfighter.com/6/assets/images/common/controller/key-plus.png"", ""class_name"": """"}, {""type"": ""image"", ""value"": ""icon_punch_m"", ""src"": ""/6/assets/images/common/controller/icon_punch_m.png"", ""resolved_src"": ""https://www.streetfighter.com/6/assets/images/common/controller/icon_punch_m.png"", ""class_name"": """"}, {""type"": ""text"", ""value"": ""中ホールド""}, {""type"": ""separator"", ""value"": ""|""}]",29,29-32,26,D,-3,SA3,1100,,2000,-6000,-8000,900,上,飛び道具相殺判定あり（1回）
3,必殺技,41,強 フラッシュナックル,key-d key-dl key-l key-plus icon_punch_h 強,"[{""type"": ""text"", ""value"": ""強 フラッシュナックル""}, {""type"": ""image"", ""value"": ""key-d"", ""src"": ""/6/assets/images/common/controller/key-d.png"", ""resolved_src"": ""https://www.streetfighter.com/6/assets/images/common/controller/key-d.png"", ""class_name"": """"}, {""type"": ""image"", ""value"": ""key-dl"", ""src"": ""/6/assets/images/common/controller/key-dl.png"", ""resolved_src"": ""https://www.streetfighter.com/6/assets/images/common/controller/key-dl.png"", ""class_name"": """"}, {""type"": ""image"", ""value"": ""key-l"", ""src"": ""/6/assets/images/common/controller/key-l.png"", ""resolved_src"": ""https://www.streetfighter.com/6/assets/images/common/controller/key-l.png"", ""class_name"": """"}, {""type"": ""image"", ""value"": ""key-plus"", ""src"": ""/6/assets/images/common/controller/key-plus.png"", ""resolved_src"": ""https://www.streetfighter.com/6/assets/images/common/controller/key-plus.png"", ""class_name"": """"}, {""type"": ""image"", ""value"": ""icon_punch_h"", ""src"": ""/6/assets/images/common/controller/icon_punch_h.png"", ""resolved_src"": ""https://www.streetfighter.com/6/assets/images/common/controller/icon_punch_h.png"", ""class_name"": """"}, {""type"": ""text"", ""value"": ""強""}, {""type"": ""separator"", ""value"": ""|""}]",22,22-24,21,D,-4,SA3,1000,,2500,-6000,-8000,800,上,18F以上ボタンホールドすると性能変化 18-20Fの間に離すとジャスト版が発生
3,必殺技,42,強 フラッシュナックル（ホールド）,key-d key-dl key-l key-plus icon_punch_h 強ホールド,"[{""type"": ""text"", ""value"": ""強 フラッシュナックル（ホールド）""}, {""type"": ""image"", ""value"": ""key-d"", ""src"": ""/6/assets/images/common/controller/key-d.png"", ""resolved_src"": ""https://www.streetfighter.com/6/assets/images/common/controller/key-d.png"", ""class_name"": """"}, {""type"": ""image"", ""value"": ""key-dl"", ""src"": ""/6/assets/images/common/controller/key-dl.png"", ""resolved_src"": ""https://www.streetfighter.com/6/assets/images/common/controller/key-dl.png"", ""class_name"": """"}, {""type"": ""image"", ""value"": ""key-l"", ""src"": ""/6/assets/images/common/controller/key-l.png"", ""resolved_src"": ""https://www.streetfighter.com/6/assets/images/common/controller/key-l.png"", ""class_name"": """"}, {""type"": ""image"", ""value"": ""key-plus"", ""src"": ""/6/assets/images/common/controller/key-plus.png"", ""resolved_src"": ""https://www.streetfighter.com/6/assets/images/common/controller/key-plus.png"", ""class_name"": """"}, {""type"": ""image"", ""value"": ""icon_punch_h"", ""src"": ""/6/assets/images/common/controller/icon_punch_h.png"", ""resolved_src"": ""https://www.streetfighter.com/6/assets/images/common/controller/icon_punch_h.png"", ""class_name"": """"}, {""type"": ""text"", ""value"": ""強ホールド""}, {""type"": ""separator"", ""value"": ""|""}]",33,33-36,24,D,4,SA3,1300,,3000,-7000,-9000,1100,上,飛び道具相殺判定あり（1回）
3,必殺技,43,強 フラッシュナックル（ジャスト）,key-d key-dl key-l key-plus icon_punch_h 強ホールド,"[{""type"": ""text"", ""value"": ""強 フラッシュナックル（ジャスト）""}, {""type"": ""image"", ""value"": ""key-d"", ""src"": ""/6/assets/images/common/controller/key-d.png"", ""resolved_src"": ""https://www.streetfighter.com/6/assets/images/common/controller/key-d.png"", ""class_name"": """"}, {""type"": ""image"", ""value"": ""key-dl"", ""src"": ""/6/assets/images/common/controller/key-dl.png"", ""resolved_src"": ""https://www.streetfighter.com/6/assets/images/common/controller/key-dl.png"", ""class_name"": """"}, {""type"": ""image"", ""value"": ""key-l"", ""src"": ""/6/assets/images/common/controller/key-l.png"", ""resolved_src"": ""https://www.streetfighter.com/6/assets/images/common/controller/key-l.png"", ""class_name"": """"}, {""type"": ""image"", ""value"": ""key-plus"", ""src"": ""/6/assets/images/common/controller/key-plus.png"", ""resolved_src"": ""https://www.streetfighter.com/6/assets/images/common/controller/key-plus.png"", ""class_name"": """"}, {""type"": ""image"", ""value"": ""icon_punch_h"", ""src"": ""/6/assets/images/common/controller/icon_punch_h.png"", ""resolved_src"": ""https://www.streetfighter.com/6/assets/images/common/controller/icon_punch_h.png"", ""class_name"": """"}, {""type"": ""text"", ""value"": ""強ホールド""}, {""type"": ""separator"", ""value"": ""|""}]",33,33-36,24,D,4,SA3,1600,,3000,-7000,-9000,1200,上,飛び道具相殺判定あり（1回）
3,必殺技,44,OD フラッシュナックル,key-d key-dl key-l key-plus icon_punch icon_punch,"[{""type"": ""text"", ""value"": ""OD フラッシュナックル""}, {""type"": ""image"", ""value"": ""key-d"", ""src"": ""/6/assets/images/common/controller/key-d.png"", ""resolved_src"": ""https://www.streetfighter.com/6/assets/images/common/controller/key-d.png"", ""class_name"": """"}, {""type"": ""image"", ""value"": ""key-dl"", ""src"": ""/6/assets/images/common/controller/key-dl.png"", ""resolved_src"": ""https://www.streetfighter.com/6/assets/images/common/controller/key-dl.png"", ""class_name"": """"}, {""type"": ""image"", ""value"": ""key-l"", ""src"": ""/6/assets/images/common/controller/key-l.png"", ""resolved_src"": ""https://www.streetfighter.com/6/assets/images/common/controller/key-l.png"", ""class_name"": """"}, {""type"": ""image"", ""value"": ""key-plus"", ""src"": ""/6/assets/images/common/controller/key-plus.png"", ""resolved_src"": ""https://www.streetfighter.com/6/assets/images/common/controller/key-plus.png"", ""class_name"": """"}, {""type"": ""image"", ""value"": ""icon_punch"", ""src"": ""/6/assets/images/common/controller/icon_punch.png"", ""resolved_src"": ""https://www.streetfighter.com/6/assets/images/common/controller/icon_punch.png"", ""class_name"": """"}, {""type"": ""image"", ""value"": ""icon_punch"", ""src"": ""/6/assets/images/common/controller/icon_punch.png"", ""resolved_src"": ""https://www.streetfighter.com/6/assets/images/common/controller/icon_punch.png"", ""class_name"": """"}, {""type"": ""separator"", ""value"": ""|""}]",15,15,39,-,-22,SA2,400,,0,-4000,-3000,500,上,ヒット時2段目に派生 初段ヒット時のみDDTへ派生可
3,必殺技,45,OD フラッシュナックル（2段目）,key-d key-dl key-l key-plus icon_punch icon_punch,"[{""type"": ""text"", ""value"": ""OD フラッシュナックル（2段目）""}, {""type"": ""image"", ""value"": ""key-d"", ""src"": ""/6/assets/images/common/controller/key-d.png"", ""resolved_src"": ""https://www.streetfighter.com/6/assets/images/common/controller/key-d.png"", ""class_name"": """"}, {""type"": ""image"", ""value"": ""key-dl"", ""src"": ""/6/assets/images/common/controller/key-dl.png"", ""resolved_src"": ""https://www.streetfighter.com/6/assets/images/common/controller/key-dl.png"", ""class_name"": """"}, {""type"": ""image"", ""value"": ""key-l"", ""src"": ""/6/assets/images/common/controller/key-l.png"", ""resolved_src"": ""https://www.streetfighter.com/6/assets/images/common/controller/key-l.png"", ""class_name"": """"}, {""type"": ""image"", ""value"": ""key-plus"", ""src"": ""/6/assets/images/common/controller/key-plus.png"", ""resolved_src"": ""https://www.streetfighter.com/6/assets/images/common/controller/key-plus.png"", ""class_name"": """"}, {""type"": ""image"", ""value"": ""icon_punch"", ""src"": ""/6/assets/images/common/controller/icon_punch.png"", ""resolved_src"": ""https://www.streetfighter.com/6/assets/images/common/controller/icon_punch.png"", ""class_name"": """"}, {""type"": ""image"", ""value"": ""icon_punch"", ""src"": ""/6/assets/images/common/controller/icon_punch.png"", ""resolved_src"": ""https://www.streetfighter.com/6/assets/images/common/controller/icon_punch.png"", ""class_name"": """"}, {""type"": ""separator"", ""value"": ""|""}]",33,33-36,16,D,,SA2,400,,0,0,-3000,350,上,
3,必殺技,46,DDT,（ODフラッシュナックル後に） icon_punch icon_punch,"[{""type"": ""text"", ""value"": ""DDT""}, {""type"": ""text"", ""value"": ""（ODフラッシュナックル後に）""}, {""type"": ""image"", ""value"": ""icon_punch"", ""src"": ""/6/assets/images/common/controller/icon_punch.png"", ""resolved_src"": ""https://www.streetfighter.com/6/assets/images/common/controller/icon_punch.png"", ""class_name"": """"}, {""type"": ""image"", ""value"": ""icon_punch"", ""src"": ""/6/assets/images/common/controller/icon_punch.png"", ""resolved_src"": ""https://www.streetfighter.com/6/assets/images/common/controller/icon_punch.png"", ""class_name"": """"}, {""type"": ""separator"", ""value"": ""|""}]",1,1,,D,,,2500,,0,0,0,3000,上,発動時にドライブゲージを10000消費
3,必殺技,47,エアフラッシュナックル,（垂直 or 前ジャンプ中に） key-d key-dl key-l key-plus icon_punch,"[{""type"": ""text"", ""value"": ""エアフラッシュナックル""}, {""type"": ""text"", ""value"": ""（垂直 or 前ジャンプ中に）""}, {""type"": ""image"", ""value"": ""key-d"", ""src"": ""/6/assets/images/common/controller/key-d.png"", ""resolved_src"": ""https://www.streetfighter.com/6/assets/images/common/controller/key-d.png"", ""class_name"": """"}, {""type"": ""image"", ""value"": ""key-dl"", ""src"": ""/6/assets/images/common/controller/key-dl.png"", ""resolved_src"": ""https://www.streetfighter.com/6/assets/images/common/controller/key-dl.png"", ""class_name"": """"}, {""type"": ""image"", ""value"": ""key-l"", ""src"": ""/6/assets/images/common/controller/key-l.png"", ""resolved_src"": ""https://www.streetfighter.com/6/assets/images/common/controller/key-l.png"", ""class_name"": """"}, {""type"": ""image"", ""value"": ""key-plus"", ""src"": ""/6/assets/images/common/controller/key-plus.png"", ""resolved_src"": ""https://www.streetfighter.com/6/assets/images/common/controller/key-plus.png"", ""class_name"": """"}, {""type"": ""image"", ""value"": ""icon_punch"", ""src"": ""/6/assets/images/common/controller/icon_punch.png"", ""resolved_src"": ""https://www.streetfighter.com/6/assets/images/common/controller/icon_punch.png"", ""class_name"": """"}, {""type"": ""separator"", ""value"": ""|""}]",14,14-18,着地後13,D,,,700,,2000,-6000,-8000,800,上,※高空で空振り時硬直7F増加
3,必殺技,48,エアフラッシュナックル（ホールド）,（垂直 or 前ジャンプ中に） key-d key-dl key-l key-plus icon_punch ホールド,"[{""type"": ""text"", ""value"": ""エアフラッシュナックル（ホールド）""}, {""type"": ""text"", ""value"": ""（垂直 or 前ジャンプ中に）""}, {""type"": ""image"", ""value"": ""key-d"", ""src"": ""/6/assets/images/common/controller/key-d.png"", ""resolved_src"": ""https://www.streetfighter.com/6/assets/images/common/controller/key-d.png"", ""class_name"": """"}, {""type"": ""image"", ""value"": ""key-dl"", ""src"": ""/6/assets/images/common/controller/key-dl.png"", ""resolved_src"": ""https://www.streetfighter.com/6/assets/images/common/controller/key-dl.png"", ""class_name"": """"}, {""type"": ""image"", ""value"": ""key-l"", ""src"": ""/6/assets/images/common/controller/key-l.png"", ""resolved_src"": ""https://www.streetfighter.com/6/assets/images/common/controller/key-l.png"", ""class_name"": """"}, {""type"": ""image"", ""value"": ""key-plus"", ""src"": ""/6/assets/images/common/controller/key-plus.png"", ""resolved_src"": ""https://www.streetfighter.com/6/assets/images/common/controller/key-plus.png"", ""class_name"": """"}, {""type"": ""image"", ""value"": ""icon_punch"", ""src"": ""/6/assets/images/common/controller/icon_punch.png"", ""resolved_src"": ""https://www.streetfighter.com/6/assets/images/common/controller/icon_punch.png"", ""class_name"": """"}, {""type"": ""text"", ""value"": ""ホールド""}, {""type"": ""separator"", ""value"": ""|""}]",23,23-28,着地後15,D,,,1000,,2000,-7000,-9000,800,上,
3,必殺技,49,OD エアフラッシュナックル,（垂直 or 前ジャンプ中に） key-d key-dl key-l key-plus icon_punch icon_punch,"[{""type"": ""text"", ""value"": ""OD エアフラッシュナックル""}, {""type"": ""text"", ""value"": ""（垂直 or 前ジャンプ中に）""}, {""type"": ""image"", ""value"": ""key-d"", ""src"": ""/6/assets/images/common/controller/key-d.png"", ""resolved_src"": ""https://www.streetfighter.com/6/assets/images/common/controller/key-d.png"", ""class_name"": """"}, {""type"": ""image"", ""value"": ""key-dl"", ""src"": ""/6/assets/images/common/controller/key-dl.png"", ""resolved_src"": ""https://www.streetfighter.com/6/assets/images/common/controller/key-dl.png"", ""class_name"": """"}, {""type"": ""image"", ""value"": ""key-l"", ""src"": ""/6/assets/images/common/controller/key-l.png"", ""resolved_src"": ""https://www.streetfighter.com/6/assets/images/common/controller/key-l.png"", ""class_name"": """"}, {""type"": ""image"", ""value"": ""key-plus"", ""src"": ""/6/assets/images/common/controller/key-plus.png"", ""resolved_src"": ""https://www.streetfighter.com/6/assets/images/common/controller/key-plus.png"", ""class_name"": """"}, {""type"": ""image"", ""value"": ""icon_punch"", ""src"": ""/6/assets/images/common/controller/icon_punch.png"", ""resolved_src"": ""https://www.streetfighter.com/6/assets/images/common/controller/icon_punch.png"", ""class_name"": """"}, {""type"": ""image"", ""value"": ""icon_punch"", ""src"": ""/6/assets/images/common/controller/icon_punch.png"", ""resolved_src"": ""https://www.streetfighter.com/6/assets/images/common/controller/icon_punch.png"", ""class_name"": """"}, {""type"": ""separator"", ""value"": ""|""}]",14,14-19,着地後15,D,,,1300,,0,-7000,-5000,800,上,
3,必殺技,50,アベンジャー,key-d key-dr key-r key-plus icon_kick,"[{""type"": ""text"", ""value"": ""アベンジャー""}, {""type"": ""image"", ""value"": ""key-d"", ""src"": ""/6/assets/images/common/controller/key-d.png"", ""resolved_src"": ""https://www.streetfighter.com/6/assets/images/common/controller/key-d.png"", ""class_name"": """"}, {""type"": ""image"", ""value"": ""key-dr"", ""src"": ""/6/assets/images/common/controller/key-dr.png"", ""resolved_src"": ""https://www.streetfighter.com/6/assets/images/common/controller/key-dr.png"", ""class_name"": """"}, {""type"": ""image"", ""value"": ""key-r"", ""src"": ""/6/assets/images/common/controller/key-r.png"", ""resolved_src"": ""https://www.streetfighter.com/6/assets/images/common/controller/key-r.png"", ""class_name"": """"}, {""type"": ""image"", ""value"": ""key-plus"", ""src"": ""/6/assets/images/common/controller/key-plus.png"", ""resolved_src"": ""https://www.streetfighter.com/6/assets/images/common/controller/key-plus.png"", ""class_name"": """"}, {""type"": ""image"", ""value"": ""icon_kick"", ""src"": ""/6/assets/images/common/controller/icon_kick.png"", ""resolved_src"": ""https://www.streetfighter.com/6/assets/images/common/controller/icon_kick.png"", ""class_name"": """"}, {""type"": ""separator"", ""value"": ""|""}]",,,全体 45,,,,0,,0,0,0,0,,13-31F 専用技に派生可
3,必殺技,51,OD アベンジャー,key-d key-dr key-r key-plus icon_kick icon_kick,"[{""type"": ""text"", ""value"": ""OD アベンジャー""}, {""type"": ""image"", ""value"": ""key-d"", ""src"": ""/6/assets/images/common/controller/key-d.png"", ""resolved_src"": ""https://www.streetfighter.com/6/assets/images/common/controller/key-d.png"", ""class_name"": """"}, {""type"": ""image"", ""value"": ""key-dr"", ""src"": ""/6/assets/images/common/controller/key-dr.png"", ""resolved_src"": ""https://www.streetfighter.com/6/assets/images/common/controller/key-dr.png"", ""class_name"": """"}, {""type"": ""image"", ""value"": ""key-r"", ""src"": ""/6/assets/images/common/controller/key-r.png"", ""resolved_src"": ""https://www.streetfighter.com/6/assets/images/common/controller/key-r.png"", ""class_name"": """"}, {""type"": ""image"", ""value"": ""key-plus"", ""src"": ""/6/assets/images/common/controller/key-plus.png"", ""resolved_src"": ""https://www.streetfighter.com/6/assets/images/common/controller/key-plus.png"", ""class_name"": """"}, {""type"": ""image"", ""value"": ""icon_kick"", ""src"": ""/6/assets/images/common/controller/icon_kick.png"", ""resolved_src"": ""https://www.streetfighter.com/6/assets/images/common/controller/icon_kick.png"", ""class_name"": """"}, {""type"": ""image"", ""value"": ""icon_kick"", ""src"": ""/6/assets/images/common/controller/icon_kick.png"", ""resolved_src"": ""https://www.streetfighter.com/6/assets/images/common/controller/icon_kick.png"", ""class_name"": """"}, {""type"": ""separator"", ""value"": ""|""}]",,,全体 45,,,,0,,0,0,0,0,,3-35F アーマー判定（1回） 12-31F 専用技に派生可
3,必殺技,52,ノーチェイサー,（アベンジャー中に） icon_punch,"[{""type"": ""text"", ""value"": ""ノーチェイサー""}, {""type"": ""text"", ""value"": ""（アベンジャー中に）""}, {""type"": ""image"", ""value"": ""icon_punch"", ""src"": ""/6/assets/images/common/controller/icon_punch.png"", ""resolved_src"": ""https://www.streetfighter.com/6/assets/images/common/controller/icon_punch.png"", ""class_name"": """"}, {""type"": ""separator"", ""value"": ""|""}]",12,12-21,16,D,-6,SA3,900,,2000,-5000,-5000,1000,上,
3,必殺技,53,OD ノーチェイサー,（ODアベンジャー中に） icon_punch,"[{""type"": ""text"", ""value"": ""OD ノーチェイサー""}, {""type"": ""text"", ""value"": ""（ODアベンジャー中に）""}, {""type"": ""image"", ""value"": ""icon_punch"", ""src"": ""/6/assets/images/common/controller/icon_punch.png"", ""resolved_src"": ""https://www.streetfighter.com/6/assets/images/common/controller/icon_punch.png"", ""class_name"": """"}, {""type"": ""separator"", ""value"": ""|""}]",12,12-21,16,D,-6,SA2,1300,始動補正50%,0,-5000,-5000,1250,上,
3,必殺技,54,インパラー,（アベンジャー中に） icon_kick,"[{""type"": ""text"", ""value"": ""インパラー""}, {""type"": ""text"", ""value"": ""（アベンジャー中に）""}, {""type"": ""image"", ""value"": ""icon_kick"", ""src"": ""/6/assets/images/common/controller/icon_kick.png"", ""resolved_src"": ""https://www.streetfighter.com/6/assets/images/common/controller/icon_kick.png"", ""class_name"": """"}, {""type"": ""separator"", ""value"": ""|""}]",13,13,22,D,-8,,1200,,2200,-4000,-5000,1200,中,空振り時硬直5F増加
3,必殺技,55,OD インパラー,（ODアベンジャー中に） icon_kick,"[{""type"": ""text"", ""value"": ""OD インパラー""}, {""type"": ""text"", ""value"": ""（ODアベンジャー中に）""}, {""type"": ""image"", ""value"": ""icon_kick"", ""src"": ""/6/assets/images/common/controller/icon_kick.png"", ""resolved_src"": ""https://www.streetfighter.com/6/assets/images/common/controller/icon_kick.png"", ""class_name"": """"}, {""type"": ""separator"", ""value"": ""|""}]",13,13,19,D,-3,,1200,始動補正50%,0,-4000,-5000,1250,中,
3,必殺技,56,弱 ライジングアッパー,key-r key-d key-dr key-plus icon_punch_l 弱,"[{""type"": ""text"", ""value"": ""弱 ライジングアッパー""}, {""type"": ""image"", ""value"": ""key-r"", ""src"": ""/6/assets/images/common/controller/key-r.png"", ""resolved_src"": ""https://www.streetfighter.com/6/assets/images/common/controller/key-r.png"", ""class_name"": """"}, {""type"": ""image"", ""value"": ""key-d"", ""src"": ""/6/assets/images/common/controller/key-d.png"", ""resolved_src"": ""https://www.streetfighter.com/6/assets/images/common/controller/key-d.png"", ""class_name"": """"}, {""type"": ""image"", ""value"": ""key-dr"", ""src"": ""/6/assets/images/common/controller/key-dr.png"", ""resolved_src"": ""https://www.streetfighter.com/6/assets/images/common/controller/key-dr.png"", ""class_name"": """"}, {""type"": ""image"", ""value"": ""key-plus"", ""src"": ""/6/assets/images/common/controller/key-plus.png"", ""resolved_src"": ""https://www.streetfighter.com/6/assets/images/common/controller/key-plus.png"", ""class_name"": """"}, {""type"": ""image"", ""value"": ""icon_punch_l"", ""src"": ""/6/assets/images/common/controller/icon_punch_l.png"", ""resolved_src"": ""https://www.streetfighter.com/6/assets/images/common/controller/icon_punch_l.png"", ""class_name"": """"}, {""type"": ""text"", ""value"": ""弱""}, {""type"": ""separator"", ""value"": ""|""}]",5,5-14,22+着地後12,D,-27,SA3,※900,,2000,-4000,-5000,800,上,1-14F 空中判定の打撃・空弾属性に対して無敵 8-36F 空中判定 ※持続の3F目以降は個別ダメージ（800）
3,必殺技,57,中 ライジングアッパー,key-r key-d key-dr key-plus icon_punch_m 中,"[{""type"": ""text"", ""value"": ""中 ライジングアッパー""}, {""type"": ""image"", ""value"": ""key-r"", ""src"": ""/6/assets/images/common/controller/key-r.png"", ""resolved_src"": ""https://www.streetfighter.com/6/assets/images/common/controller/key-r.png"", ""class_name"": """"}, {""type"": ""image"", ""value"": ""key-d"", ""src"": ""/6/assets/images/common/controller/key-d.png"", ""resolved_src"": ""https://www.streetfighter.com/6/assets/images/common/controller/key-d.png"", ""class_name"": """"}, {""type"": ""image"", ""value"": ""key-dr"", ""src"": ""/6/assets/images/common/controller/key-dr.png"", ""resolved_src"": ""https://www.streetfighter.com/6/assets/images/common/controller/key-dr.png"", ""class_name"": """"}, {""type"": ""image"", ""value"": ""key-plus"", ""src"": ""/6/assets/images/common/controller/key-plus.png"", ""resolved_src"": ""https://www.streetfighter.com/6/assets/images/common/controller/key-plus.png"", ""class_name"": """"}, {""type"": ""image"", ""value"": ""icon_punch_m"", ""src"": ""/6/assets/images/common/controller/icon_punch_m.png"", ""resolved_src"": ""https://www.streetfighter.com/6/assets/images/common/controller/icon_punch_m.png"", ""class_name"": """"}, {""type"": ""text"", ""value"": ""中""}, {""type"": ""separator"", ""value"": ""|""}]",6,6-15,24+着地後12,D,-29,SA3,※1000,,2000,-4000,-5000,800,上,1-8F 空中判定の打撃・空弾属性に対して無敵 9-39F 空中判定 ※持続の3F目以降は個別ダメージ（800）
3,必殺技,58,強 ライジングアッパー,key-r key-d key-dr key-plus icon_punch_h 強,"[{""type"": ""text"", ""value"": ""強 ライジングアッパー""}, {""type"": ""image"", ""value"": ""key-r"", ""src"": ""/6/assets/images/common/controller/key-r.png"", ""resolved_src"": ""https://www.streetfighter.com/6/assets/images/common/controller/key-r.png"", ""class_name"": """"}, {""type"": ""image"", ""value"": ""key-d"", ""src"": ""/6/assets/images/common/controller/key-d.png"", ""resolved_src"": ""https://www.streetfighter.com/6/assets/images/common/controller/key-d.png"", ""class_name"": """"}, {""type"": ""image"", ""value"": ""key-dr"", ""src"": ""/6/assets/images/common/controller/key-dr.png"", ""resolved_src"": ""https://www.streetfighter.com/6/assets/images/common/controller/key-dr.png"", ""class_name"": """"}, {""type"": ""image"", ""value"": ""key-plus"", ""src"": ""/6/assets/images/common/controller/key-plus.png"", ""resolved_src"": ""https://www.streetfighter.com/6/assets/images/common/controller/key-plus.png"", ""class_name"": """"}, {""type"": ""image"", ""value"": ""icon_punch_h"", ""src"": ""/6/assets/images/common/controller/icon_punch_h.png"", ""resolved_src"": ""https://www.streetfighter.com/6/assets/images/common/controller/icon_punch_h.png"", ""class_name"": """"}, {""type"": ""text"", ""value"": ""強""}, {""type"": ""separator"", ""value"": ""|""}]",9,9-18,25+着地後15,D,-33,SA3,※1200,,2000,-4000,-5000,800,上,1-9F 空中判定の打撃・空弾属性に対して無敵 11-43F 空中判定 ※持続の2F目以降は個別ダメージ（800）
3,必殺技,59,OD ライジングアッパー,key-r key-d key-dr key-plus icon_punch icon_punch,"[{""type"": ""text"", ""value"": ""OD ライジングアッパー""}, {""type"": ""image"", ""value"": ""key-r"", ""src"": ""/6/assets/images/common/controller/key-r.png"", ""resolved_src"": ""https://www.streetfighter.com/6/assets/images/common/controller/key-r.png"", ""class_name"": """"}, {""type"": ""image"", ""value"": ""key-d"", ""src"": ""/6/assets/images/common/controller/key-d.png"", ""resolved_src"": ""https://www.streetfighter.com/6/assets/images/common/controller/key-d.png"", ""class_name"": """"}, {""type"": ""image"", ""value"": ""key-dr"", ""src"": ""/6/assets/images/common/controller/key-dr.png"", ""resolved_src"": ""https://www.streetfighter.com/6/assets/images/common/controller/key-dr.png"", ""class_name"": """"}, {""type"": ""image"", ""value"": ""key-plus"", ""src"": ""/6/assets/images/common/controller/key-plus.png"", ""resolved_src"": ""https://www.streetfighter.com/6/assets/images/common/controller/key-plus.png"", ""class_name"": """"}, {""type"": ""image"", ""value"": ""icon_punch"", ""src"": ""/6/assets/images/common/controller/icon_punch.png"", ""resolved_src"": ""https://www.streetfighter.com/6/assets/images/common/controller/icon_punch.png"", ""class_name"": """"}, {""type"": ""image"", ""value"": ""icon_punch"", ""src"": ""/6/assets/images/common/controller/icon_punch.png"", ""resolved_src"": ""https://www.streetfighter.com/6/assets/images/common/controller/icon_punch.png"", ""class_name"": """"}, {""type"": ""separator"", ""value"": ""|""}]",6,6-15,35+着地後15,D,-40,,1400,,0,-2000,0,1000,上,1-10F 完全無敵 8-50F 空中判定 ヒット時のみスラムダンクへ派生可
3,必殺技,60,スラムダンク,（ODライジングアッパー後に） icon_punch icon_punch,"[{""type"": ""text"", ""value"": ""スラムダンク""}, {""type"": ""text"", ""value"": ""（ODライジングアッパー後に）""}, {""type"": ""image"", ""value"": ""icon_punch"", ""src"": ""/6/assets/images/common/controller/icon_punch.png"", ""resolved_src"": ""https://www.streetfighter.com/6/assets/images/common/controller/icon_punch.png"", ""class_name"": """"}, {""type"": ""image"", ""value"": ""icon_punch"", ""src"": ""/6/assets/images/common/controller/icon_punch.png"", ""resolved_src"": ""https://www.streetfighter.com/6/assets/images/common/controller/icon_punch.png"", ""class_name"": """"}, {""type"": ""separator"", ""value"": ""|""}]",16,16-18,14+着地後16,D,,,600,,0,-4000,0,700,中,発動時にドライブゲージを10000消費
4,スーパーアーツ,61,SA1 バルカンブラスト,key-d key-dr key-r key-d key-dr key-r key-plus icon_punch,"[{""type"": ""text"", ""value"": ""SA1 バルカンブラスト""}, {""type"": ""image"", ""value"": ""key-d"", ""src"": ""/6/assets/images/common/controller/key-d.png"", ""resolved_src"": ""https://www.streetfighter.com/6/assets/images/common/controller/key-d.png"", ""class_name"": """"}, {""type"": ""image"", ""value"": ""key-dr"", ""src"": ""/6/assets/images/common/controller/key-dr.png"", ""resolved_src"": ""https://www.streetfighter.com/6/assets/images/common/controller/key-dr.png"", ""class_name"": """"}, {""type"": ""image"", ""value"": ""key-r"", ""src"": ""/6/assets/images/common/controller/key-r.png"", ""resolved_src"": ""https://www.streetfighter.com/6/assets/images/common/controller/key-r.png"", ""class_name"": """"}, {""type"": ""image"", ""value"": ""key-d"", ""src"": ""/6/assets/images/common/controller/key-d.png"", ""resolved_src"": ""https://www.streetfighter.com/6/assets/images/common/controller/key-d.png"", ""class_name"": """"}, {""type"": ""image"", ""value"": ""key-dr"", ""src"": ""/6/assets/images/common/controller/key-dr.png"", ""resolved_src"": ""https://www.streetfighter.com/6/assets/images/common/controller/key-dr.png"", ""class_name"": """"}, {""type"": ""image"", ""value"": ""key-r"", ""src"": ""/6/assets/images/common/controller/key-r.png"", ""resolved_src"": ""https://www.streetfighter.com/6/assets/images/common/controller/key-r.png"", ""class_name"": """"}, {""type"": ""image"", ""value"": ""key-plus"", ""src"": ""/6/assets/images/common/controller/key-plus.png"", ""resolved_src"": ""https://www.streetfighter.com/6/assets/images/common/controller/key-plus.png"", ""class_name"": """"}, {""type"": ""image"", ""value"": ""icon_punch"", ""src"": ""/6/assets/images/common/controller/icon_punch.png"", ""resolved_src"": ""https://www.streetfighter.com/6/assets/images/common/controller/icon_punch.png"", ""class_name"": """"}, {""type"": ""separator"", ""value"": ""|""}]",6,,全体 108,D,-29,,2000,,0,-2500,-5000,0,上・弾,1-6F 打撃・投げに対して無敵 最低保障ダメージ30％ カウンター/パニッシュカウンターで数値が変動しない
4,スーパーアーツ,62,SA2 イレイザー,key-d key-dl key-l key-d key-dl key-l key-plus icon_punch,"[{""type"": ""text"", ""value"": ""SA2 イレイザー""}, {""type"": ""image"", ""value"": ""key-d"", ""src"": ""/6/assets/images/common/controller/key-d.png"", ""resolved_src"": ""https://www.streetfighter.com/6/assets/images/common/controller/key-d.png"", ""class_name"": """"}, {""type"": ""image"", ""value"": ""key-dl"", ""src"": ""/6/assets/images/common/controller/key-dl.png"", ""resolved_src"": ""https://www.streetfighter.com/6/assets/images/common/controller/key-dl.png"", ""class_name"": """"}, {""type"": ""image"", ""value"": ""key-l"", ""src"": ""/6/assets/images/common/controller/key-l.png"", ""resolved_src"": ""https://www.streetfighter.com/6/assets/images/common/controller/key-l.png"", ""class_name"": """"}, {""type"": ""image"", ""value"": ""key-d"", ""src"": ""/6/assets/images/common/controller/key-d.png"", ""resolved_src"": ""https://www.streetfighter.com/6/assets/images/common/controller/key-d.png"", ""class_name"": """"}, {""type"": ""image"", ""value"": ""key-dl"", ""src"": ""/6/assets/images/common/controller/key-dl.png"", ""resolved_src"": ""https://www.streetfighter.com/6/assets/images/common/controller/key-dl.png"", ""class_name"": """"}, {""type"": ""image"", ""value"": ""key-l"", ""src"": ""/6/assets/images/common/controller/key-l.png"", ""resolved_src"": ""https://www.streetfighter.com/6/assets/images/common/controller/key-l.png"", ""class_name"": """"}, {""type"": ""image"", ""value"": ""key-plus"", ""src"": ""/6/assets/images/common/controller/key-plus.png"", ""resolved_src"": ""https://www.streetfighter.com/6/assets/images/common/controller/key-plus.png"", ""class_name"": """"}, {""type"": ""image"", ""value"": ""icon_punch"", ""src"": ""/6/assets/images/common/controller/icon_punch.png"", ""resolved_src"": ""https://www.streetfighter.com/6/assets/images/common/controller/icon_punch.png"", ""class_name"": """"}, {""type"": ""separator"", ""value"": ""|""}]",5,5-7,51,D,-29,,2800,,0,-5000,-10000,0,上,1-7F 完全無敵 ヒット時2段目以降に派生 最低保障ダメージ40％ カウンター/パニッシュカウンターで数値が変動しない
4,スーパーアーツ,63,SA3 ペイルライダー,key-d key-dr key-r key-d key-dr key-r key-plus icon_kick,"[{""type"": ""text"", ""value"": ""SA3 ペイルライダー""}, {""type"": ""image"", ""value"": ""key-d"", ""src"": ""/6/assets/images/common/controller/key-d.png"", ""resolved_src"": ""https://www.streetfighter.com/6/assets/images/common/controller/key-d.png"", ""class_name"": """"}, {""type"": ""image"", ""value"": ""key-dr"", ""src"": ""/6/assets/images/common/controller/key-dr.png"", ""resolved_src"": ""https://www.streetfighter.com/6/assets/images/common/controller/key-dr.png"", ""class_name"": """"}, {""type"": ""image"", ""value"": ""key-r"", ""src"": ""/6/assets/images/common/controller/key-r.png"", ""resolved_src"": ""https://www.streetfighter.com/6/assets/images/common/controller/key-r.png"", ""class_name"": """"}, {""type"": ""image"", ""value"": ""key-d"", ""src"": ""/6/assets/images/common/controller/key-d.png"", ""resolved_src"": ""https://www.streetfighter.com/6/assets/images/common/controller/key-d.png"", ""class_name"": """"}, {""type"": ""image"", ""value"": ""key-dr"", ""src"": ""/6/assets/images/common/controller/key-dr.png"", ""resolved_src"": ""https://www.streetfighter.com/6/assets/images/common/controller/key-dr.png"", ""class_name"": """"}, {""type"": ""image"", ""value"": ""key-r"", ""src"": ""/6/assets/images/common/controller/key-r.png"", ""resolved_src"": ""https://www.streetfighter.com/6/assets/images/common/controller/key-r.png"", ""class_name"": """"}, {""type"": ""image"", ""value"": ""key-plus"", ""src"": ""/6/assets/images/common/controller/key-plus.png"", ""resolved_src"": ""https://www.streetfighter.com/6/assets/images/common/controller/key-plus.png"", ""class_name"": """"}, {""type"": ""image"", ""value"": ""icon_kick"", ""src"": ""/6/assets/images/common/controller/icon_kick.png"", ""resolved_src"": ""https://www.streetfighter.com/6/assets/images/common/controller/icon_kick.png"", ""class_name"": """"}, {""type"": ""separator"", ""value"": ""|""}]",10,10-13,92,D,-42,,4000,※即時補正10%,0,-7500,-15000,0,上,相手との距離に応じて発生が変化 密着発動時 発生10F 1-13F完全無敵 最遠距離発動時 発生27F 1-13F完全無敵 最低保障ダメージ50％ カウンター/パニッシュカウンターで数値が変動しない ※必殺技キャンセル時のみ適用
4,スーパーアーツ,64,CA ペイルライダー,（体力25%以下で） key-d key-dr key-r key-d key-dr key-r key-plus icon_kick,"[{""type"": ""text"", ""value"": ""CA ペイルライダー""}, {""type"": ""text"", ""value"": ""（体力25%以下で）""}, {""type"": ""image"", ""value"": ""key-d"", ""src"": ""/6/assets/images/common/controller/key-d.png"", ""resolved_src"": ""https://www.streetfighter.com/6/assets/images/common/controller/key-d.png"", ""class_name"": """"}, {""type"": ""image"", ""value"": ""key-dr"", ""src"": ""/6/assets/images/common/controller/key-dr.png"", ""resolved_src"": ""https://www.streetfighter.com/6/assets/images/common/controller/key-dr.png"", ""class_name"": """"}, {""type"": ""image"", ""value"": ""key-r"", ""src"": ""/6/assets/images/common/controller/key-r.png"", ""resolved_src"": ""https://www.streetfighter.com/6/assets/images/common/controller/key-r.png"", ""class_name"": """"}, {""type"": ""image"", ""value"": ""key-d"", ""src"": ""/6/assets/images/common/controller/key-d.png"", ""resolved_src"": ""https://www.streetfighter.com/6/assets/images/common/controller/key-d.png"", ""class_name"": """"}, {""type"": ""image"", ""value"": ""key-dr"", ""src"": ""/6/assets/images/common/controller/key-dr.png"", ""resolved_src"": ""https://www.streetfighter.com/6/assets/images/common/controller/key-dr.png"", ""class_name"": """"}, {""type"": ""image"", ""value"": ""key-r"", ""src"": ""/6/assets/images/common/controller/key-r.png"", ""resolved_src"": ""https://www.streetfighter.com/6/assets/images/common/controller/key-r.png"", ""class_name"": """"}, {""type"": ""image"", ""value"": ""key-plus"", ""src"": ""/6/assets/images/common/controller/key-plus.png"", ""resolved_src"": ""https://www.streetfighter.com/6/assets/images/common/controller/key-plus.png"", ""class_name"": """"}, {""type"": ""image"", ""value"": ""icon_kick"", ""src"": ""/6/assets/images/common/controller/icon_kick.png"", ""resolved_src"": ""https://www.streetfighter.com/6/assets/images/common/controller/icon_kick.png"", ""class_name"": """"}, {""type"": ""separator"", ""value"": ""|""}]",10,10-13,92,D,-42,,4500,※即時補正10%,0,-10000,-20000,0,上,相手との距離に応じて発生が変化 密着発動時 発生10F 1-13F完全無敵 最遠距離発動時 発生27F 1-13F完全無敵 最低保障ダメージ50％ カウンター/パニッシュカウンターで数値が変動しない ※必殺技キャンセル時のみ適用
5,通常投げ,65,スウィーパー,（近距離で） key-nutral key-or key-r key-plus icon_punch_l 弱 icon_kick_l 弱,"[{""type"": ""text"", ""value"": ""スウィーパー""}, {""type"": ""text"", ""value"": ""（近距離で）""}, {""type"": ""image"", ""value"": ""key-nutral"", ""src"": ""/6/assets/images/common/controller/key-nutral.png"", ""resolved_src"": ""https://www.streetfighter.com/6/assets/images/common/controller/key-nutral.png"", ""class_name"": """"}, {""type"": ""image"", ""value"": ""key-or"", ""src"": ""/6/assets/images/common/controller/key-or.png"", ""resolved_src"": ""https://www.streetfighter.com/6/assets/images/common/controller/key-or.png"", ""class_name"": """"}, {""type"": ""image"", ""value"": ""key-r"", ""src"": ""/6/assets/images/common/controller/key-r.png"", ""resolved_src"": ""https://www.streetfighter.com/6/assets/images/common/controller/key-r.png"", ""class_name"": """"}, {""type"": ""image"", ""value"": ""key-plus"", ""src"": ""/6/assets/images/common/controller/key-plus.png"", ""resolved_src"": ""https://www.streetfighter.com/6/assets/images/common/controller/key-plus.png"", ""class_name"": """"}, {""type"": ""image"", ""value"": ""icon_punch_l"", ""src"": ""/6/assets/images/common/controller/icon_punch_l.png"", ""resolved_src"": ""https://www.streetfighter.com/6/assets/images/common/controller/icon_punch_l.png"", ""class_name"": """"}, {""type"": ""text"", ""value"": ""弱""}, {""type"": ""image"", ""value"": ""icon_kick_l"", ""src"": ""/6/assets/images/common/controller/icon_kick_l.png"", ""resolved_src"": ""https://www.streetfighter.com/6/assets/images/common/controller/icon_kick_l.png"", ""class_name"": """"}, {""type"": ""text"", ""value"": ""弱""}, {""type"": ""separator"", ""value"": ""|""}]",5,5-7,23,D,,,1200,即時補正20%,2000,0,-10000,2000,投,パニッシュカウンター時以下の性能変化 ・ダメージ2040 ・SAゲージ4000増加 ・ハードノックダウン
5,通常投げ,66,スクラッパー,（近距離で） key-l key-plus icon_punch_l 弱 icon_kick_l 弱,"[{""type"": ""text"", ""value"": ""スクラッパー""}, {""type"": ""text"", ""value"": ""（近距離で）""}, {""type"": ""image"", ""value"": ""key-l"", ""src"": ""/6/assets/images/common/controller/key-l.png"", ""resolved_src"": ""https://www.streetfighter.com/6/assets/images/common/controller/key-l.png"", ""class_name"": """"}, {""type"": ""image"", ""value"": ""key-plus"", ""src"": ""/6/assets/images/common/controller/key-plus.png"", ""resolved_src"": ""https://www.streetfighter.com/6/assets/images/common/controller/key-plus.png"", ""class_name"": """"}, {""type"": ""image"", ""value"": ""icon_punch_l"", ""src"": ""/6/assets/images/common/controller/icon_punch_l.png"", ""resolved_src"": ""https://www.streetfighter.com/6/assets/images/common/controller/icon_punch_l.png"", ""class_name"": """"}, {""type"": ""text"", ""value"": ""弱""}, {""type"": ""image"", ""value"": ""icon_kick_l"", ""src"": ""/6/assets/images/common/controller/icon_kick_l.png"", ""resolved_src"": ""https://www.streetfighter.com/6/assets/images/common/controller/icon_kick_l.png"", ""class_name"": """"}, {""type"": ""text"", ""value"": ""弱""}, {""type"": ""separator"", ""value"": ""|""}]",5,5-7,23,D,,,1200,即時補正20%,2000,0,-10000,2000,投,パニッシュカウンター時以下の性能変化 ・ダメージ2040 ・SAゲージ4000増加 ・ハードノックダウン
6,共通システム,67,前方ステップ,key-r key-r,"[{""type"": ""text"", ""value"": ""前方ステップ""}, {""type"": ""image"", ""value"": ""key-r"", ""src"": ""/6/assets/images/common/controller/key-r.png"", ""resolved_src"": ""https://www.streetfighter.com/6/assets/images/common/controller/key-r.png"", ""class_name"": """"}, {""type"": ""image"", ""value"": ""key-r"", ""src"": ""/6/assets/images/common/controller/key-r.png"", ""resolved_src"": ""https://www.streetfighter.com/6/assets/images/common/controller/key-r.png"", ""class_name"": """"}, {""type"": ""separator"", ""value"": ""|""}]",,,全体 19,,,,0,,0,0,0,0,,
6,共通システム,68,後方ステップ,key-l key-l,"[{""type"": ""text"", ""value"": ""後方ステップ""}, {""type"": ""image"", ""value"": ""key-l"", ""src"": ""/6/assets/images/common/controller/key-l.png"", ""resolved_src"": ""https://www.streetfighter.com/6/assets/images/common/controller/key-l.png"", ""class_name"": """"}, {""type"": ""image"", ""value"": ""key-l"", ""src"": ""/6/assets/images/common/controller/key-l.png"", ""resolved_src"": ""https://www.streetfighter.com/6/assets/images/common/controller/key-l.png"", ""class_name"": """"}, {""type"": ""separator"", ""value"": ""|""}]",,,全体 23,,,,0,,0,0,0,0,,1-15F 投げ無敵
6,共通システム,69,ドライブインパクト（マズルフラッシュ）,icon_punch_h 強 icon_kick_h 強,"[{""type"": ""text"", ""value"": ""ドライブインパクト（マズルフラッシュ）""}, {""type"": ""image"", ""value"": ""icon_punch_h"", ""src"": ""/6/assets/images/common/controller/icon_punch_h.png"", ""resolved_src"": ""https://www.streetfighter.com/6/assets/images/common/controller/icon_punch_h.png"", ""class_name"": """"}, {""type"": ""text"", ""value"": ""強""}, {""type"": ""image"", ""value"": ""icon_kick_h"", ""src"": ""/6/assets/images/common/controller/icon_kick_h.png"", ""resolved_src"": ""https://www.streetfighter.com/6/assets/images/common/controller/icon_kick_h.png"", ""class_name"": """"}, {""type"": ""text"", ""value"": ""強""}, {""type"": ""separator"", ""value"": ""|""}]",26,26-27,35,D,-3,,800,始動補正20%,0,-5000,-15000,0,上,1-27F アーマー判定（2回） ヒットバックでステージ端に到達すると壁やられが発生 パニッシュカウンター、もしくはアーマー成立後にヒットで以下の性能変化 ・地上ヒット膝崩れ ・空中ヒット吹き飛び時間増加 ・SAゲージ3000増加
6,共通システム,70,[ガード時]ドライブリバーサル（バッターリングラム）,（ガード中 or ドライブパリィ成立中に） key-r key-plus icon_punch_h 強 icon_kick_h 強,"[{""type"": ""text"", ""value"": ""[ガード時]ドライブリバーサル（バッターリングラム）""}, {""type"": ""text"", ""value"": ""（ガード中 or ドライブパリィ成立中に）""}, {""type"": ""image"", ""value"": ""key-r"", ""src"": ""/6/assets/images/common/controller/key-r.png"", ""resolved_src"": ""https://www.streetfighter.com/6/assets/images/common/controller/key-r.png"", ""class_name"": """"}, {""type"": ""image"", ""value"": ""key-plus"", ""src"": ""/6/assets/images/common/controller/key-plus.png"", ""resolved_src"": ""https://www.streetfighter.com/6/assets/images/common/controller/key-plus.png"", ""class_name"": """"}, {""type"": ""image"", ""value"": ""icon_punch_h"", ""src"": ""/6/assets/images/common/controller/icon_punch_h.png"", ""resolved_src"": ""https://www.streetfighter.com/6/assets/images/common/controller/icon_punch_h.png"", ""class_name"": """"}, {""type"": ""text"", ""value"": ""強""}, {""type"": ""image"", ""value"": ""icon_kick_h"", ""src"": ""/6/assets/images/common/controller/icon_kick_h.png"", ""resolved_src"": ""https://www.streetfighter.com/6/assets/images/common/controller/icon_kick_h.png"", ""class_name"": """"}, {""type"": ""text"", ""value"": ""強""}, {""type"": ""separator"", ""value"": ""|""}]",20,20-22,26,D,-6,,500,,0,0,0,0,上,リカバリアブルダメージ 1-22F 完全無敵 ヒット時硬直5F増加
6,共通システム,71,[起き上がり時]ドライブリバーサル（バッターリングラム）,（起き上がり時に） key-r key-plus icon_punch_h 強 icon_kick_h 強,"[{""type"": ""text"", ""value"": ""[起き上がり時]ドライブリバーサル（バッターリングラム）""}, {""type"": ""text"", ""value"": ""（起き上がり時に）""}, {""type"": ""image"", ""value"": ""key-r"", ""src"": ""/6/assets/images/common/controller/key-r.png"", ""resolved_src"": ""https://www.streetfighter.com/6/assets/images/common/controller/key-r.png"", ""class_name"": """"}, {""type"": ""image"", ""value"": ""key-plus"", ""src"": ""/6/assets/images/common/controller/key-plus.png"", ""resolved_src"": ""https://www.streetfighter.com/6/assets/images/common/controller/key-plus.png"", ""class_name"": """"}, {""type"": ""image"", ""value"": ""icon_punch_h"", ""src"": ""/6/assets/images/common/controller/icon_punch_h.png"", ""resolved_src"": ""https://www.streetfighter.com/6/assets/images/common/controller/icon_punch_h.png"", ""class_name"": """"}, {""type"": ""text"", ""value"": ""強""}, {""type"": ""image"", ""value"": ""icon_kick_h"", ""src"": ""/6/assets/images/common/controller/icon_kick_h.png"", ""resolved_src"": ""https://www.streetfighter.com/6/assets/images/common/controller/icon_kick_h.png"", ""class_name"": """"}, {""type"": ""text"", ""value"": ""強""}, {""type"": ""separator"", ""value"": ""|""}]",18,18-20,26,D,-6,,500,,0,0,0,0,上,リカバリアブルダメージ 1-20F 完全無敵 ヒット時硬直5F増加
6,共通システム,72,ドライブパリィ,icon_punch_m 中 icon_kick_m 中,"[{""type"": ""text"", ""value"": ""ドライブパリィ""}, {""type"": ""image"", ""value"": ""icon_punch_m"", ""src"": ""/6/assets/images/common/controller/icon_punch_m.png"", ""resolved_src"": ""https://www.streetfighter.com/6/assets/images/common/controller/icon_punch_m.png"", ""class_name"": """"}, {""type"": ""text"", ""value"": ""中""}, {""type"": ""image"", ""value"": ""icon_kick_m"", ""src"": ""/6/assets/images/common/controller/icon_kick_m.png"", ""resolved_src"": ""https://www.streetfighter.com/6/assets/images/common/controller/icon_kick_m.png"", ""class_name"": """"}, {""type"": ""text"", ""value"": ""中""}, {""type"": ""separator"", ""value"": ""|""}]",1,[※2] 1-12,33,,,※1,0,,0,0,0,0,,※1 動作の4F目からドライブラッシュでキャンセル可 ※2 ボタンホールドでパリィの持続を延長可 硬直部分はガードのみ可 動作中常に被パニッシュカウンター判定
6,共通システム,73,ジャストパリィ（打撃）,ガード方向 key-plus icon_punch_m 中 icon_kick_m 中,"[{""type"": ""text"", ""value"": ""ジャストパリィ（打撃）""}, {""type"": ""text"", ""value"": ""ガード方向""}, {""type"": ""image"", ""value"": ""key-plus"", ""src"": ""/6/assets/images/common/controller/key-plus.png"", ""resolved_src"": ""https://www.streetfighter.com/6/assets/images/common/controller/key-plus.png"", ""class_name"": """"}, {""type"": ""image"", ""value"": ""icon_punch_m"", ""src"": ""/6/assets/images/common/controller/icon_punch_m.png"", ""resolved_src"": ""https://www.streetfighter.com/6/assets/images/common/controller/icon_punch_m.png"", ""class_name"": """"}, {""type"": ""text"", ""value"": ""中""}, {""type"": ""image"", ""value"": ""icon_kick_m"", ""src"": ""/6/assets/images/common/controller/icon_kick_m.png"", ""resolved_src"": ""https://www.streetfighter.com/6/assets/images/common/controller/icon_kick_m.png"", ""class_name"": """"}, {""type"": ""text"", ""value"": ""中""}, {""type"": ""separator"", ""value"": ""|""}]",1,,1,,,,0,始動補正50％,,,,,,相手の攻撃に対応した方向入力を行った状態でパリィを入力し、 入力したフレーム、もしくはその次のフレームで攻撃を受けると成立する （上段/中段攻撃に対して←方向、下段攻撃に対しては↙方向) 方向が正しくなかった場合は通常のドライブパリィとなり、追加でDゲージが3000増加する 硬直終了から5Fの間完全無敵 （パリィを継続した場合は無敵にならない） ジャストパリィを取られた側はキャンセルが出来なくなり、動作終了まで強制パニッシュカウンター
6,共通システム,74,ジャストパリィ（飛び道具）,icon_punch_m 中 icon_kick_m 中,"[{""type"": ""text"", ""value"": ""ジャストパリィ（飛び道具）""}, {""type"": ""image"", ""value"": ""icon_punch_m"", ""src"": ""/6/assets/images/common/controller/icon_punch_m.png"", ""resolved_src"": ""https://www.streetfighter.com/6/assets/images/common/controller/icon_punch_m.png"", ""class_name"": """"}, {""type"": ""text"", ""value"": ""中""}, {""type"": ""image"", ""value"": ""icon_kick_m"", ""src"": ""/6/assets/images/common/controller/icon_kick_m.png"", ""resolved_src"": ""https://www.streetfighter.com/6/assets/images/common/controller/icon_kick_m.png"", ""class_name"": """"}, {""type"": ""text"", ""value"": ""中""}, {""type"": ""separator"", ""value"": ""|""}]",1,,10,,,,0,始動補正50％,,,,,,パリィを入力したフレーム、もしくはその次のフレームで攻撃を受けると成立する 暗転演出が入らない ジャストパリィを取られた側はキャンセルが出来なくなり、動作終了まで強制パニッシュカウンター
6,共通システム,75,パリィドライブラッシュ,（ドライブパリィ中に） key-r key-r,"[{""type"": ""text"", ""value"": ""パリィドライブラッシュ""}, {""type"": ""text"", ""value"": ""（ドライブパリィ中に）""}, {""type"": ""image"", ""value"": ""key-r"", ""src"": ""/6/assets/images/common/controller/key-r.png"", ""resolved_src"": ""https://www.streetfighter.com/6/assets/images/common/controller/key-r.png"", ""class_name"": """"}, {""type"": ""image"", ""value"": ""key-r"", ""src"": ""/6/assets/images/common/controller/key-r.png"", ""resolved_src"": ""https://www.streetfighter.com/6/assets/images/common/controller/key-r.png"", ""class_name"": """"}, {""type"": ""separator"", ""value"": ""|""}]",,,全体 45,,,※,0,乗算補正15％,0,0,0,0,,暗転10F ※動作9F目から攻撃行動にキャンセル可 24F目からパリィ以外の行動でキャンセル可
6,共通システム,76,キャンセルドライブラッシュ,（必殺技キャンセル可能な攻撃ヒット中に） key-r key-r key-or ( key-nutral key-or key-r ) key-plus icon_punch_m 中 icon_kick_m 中,"[{""type"": ""text"", ""value"": ""キャンセルドライブラッシュ""}, {""type"": ""text"", ""value"": ""（必殺技キャンセル可能な攻撃ヒット中に）""}, {""type"": ""image"", ""value"": ""key-r"", ""src"": ""/6/assets/images/common/controller/key-r.png"", ""resolved_src"": ""https://www.streetfighter.com/6/assets/images/common/controller/key-r.png"", ""class_name"": """"}, {""type"": ""image"", ""value"": ""key-r"", ""src"": ""/6/assets/images/common/controller/key-r.png"", ""resolved_src"": ""https://www.streetfighter.com/6/assets/images/common/controller/key-r.png"", ""class_name"": """"}, {""type"": ""image"", ""value"": ""key-or"", ""src"": ""/6/assets/images/common/controller/key-or.png"", ""resolved_src"": ""https://www.streetfighter.com/6/assets/images/common/controller/key-or.png"", ""class_name"": """"}, {""type"": ""text"", ""value"": ""(""}, {""type"": ""image"", ""value"": ""key-nutral"", ""src"": ""/6/assets/images/common/controller/key-nutral.png"", ""resolved_src"": ""https://www.streetfighter.com/6/assets/images/common/controller/key-nutral.png"", ""class_name"": """"}, {""type"": ""image"", ""value"": ""key-or"", ""src"": ""/6/assets/images/common/controller/key-or.png"", ""resolved_src"": ""https://www.streetfighter.com/6/assets/images/common/controller/key-or.png"", ""class_name"": """"}, {""type"": ""image"", ""value"": ""key-r"", ""src"": ""/6/assets/images/common/controller/key-r.png"", ""resolved_src"": ""https://www.streetfighter.com/6/assets/images/common/controller/key-r.png"", ""class_name"": """"}, {""type"": ""text"", ""value"": "")""}, {""type"": ""image"", ""value"": ""key-plus"", ""src"": ""/6/assets/images/common/controller/key-plus.png"", ""resolved_src"": ""https://www.streetfighter.com/6/assets/images/common/controller/key-plus.png"", ""class_name"": """"}, {""type"": ""image"", ""value"": ""icon_punch_m"", ""src"": ""/6/assets/images/common/controller/icon_punch_m.png"", ""resolved_src"": ""https://www.streetfighter.com/6/assets/images/common/controller/icon_punch_m.png"", ""class_name"": """"}, {""type"": ""text"", ""value"": ""中""}, {""type"": ""image"", ""value"": ""icon_kick_m"", ""src"": ""/6/assets/images/common/controller/icon_kick_m.png"", ""resolved_src"": ""https://www.streetfighter.com/6/assets/images/common/controller/icon_kick_m.png"", ""class_name"": """"}, {""type"": ""text"", ""value"": ""中""}, {""type"": ""separator"", ""value"": ""|""}]",,,全体 46,,,※,0,乗算補正15％,0,0,0,0,,暗転9F ※動作10F目から攻撃行動にキャンセル可 25F目からパリィ以外の行動でキャンセル可
